   Compiling proc-macro2 v1.0.106
   Compiling quote v1.0.45
   Compiling unicode-ident v1.0.24
   Compiling libc v0.2.184
   Compiling cfg-if v1.0.4
   Compiling typenum v1.19.0
   Compiling pin-project-lite v0.2.17
   Compiling log v0.4.29
   Compiling version_check v0.9.5
   Compiling memchr v2.8.0
   Compiling smallvec v1.15.1
   Compiling serde_core v1.0.228
   Compiling bytes v1.11.1
   Compiling futures-core v0.3.32
   Compiling parking_lot_core v0.9.12
   Compiling stable_deref_trait v1.2.1
   Compiling scopeguard v1.2.0
   Compiling itoa v1.0.18
   Compiling fnv v1.0.7
   Compiling futures-sink v0.3.32
   Compiling subtle v2.6.1
   Compiling lock_api v0.4.14
   Compiling serde v1.0.228
   Compiling rand_core v0.10.0
   Compiling generic-array v0.14.7
   Compiling futures-task v0.3.32
   Compiling getrandom v0.4.2
   Compiling slab v0.4.12
   Compiling zmij v1.0.21
   Compiling bitflags v2.11.0
   Compiling find-msvc-tools v0.1.9
   Compiling shlex v1.3.0
   Compiling serde_json v1.0.149
   Compiling once_cell v1.21.4
   Compiling litemap v0.8.2
   Compiling pkg-config v0.3.32
   Compiling percent-encoding v2.3.2
   Compiling writeable v0.6.3
   Compiling tracing-core v0.1.36
   Compiling utf8_iter v1.0.4
   Compiling cmov v0.5.3
   Compiling getrandom v0.3.4
   Compiling zerocopy v0.8.48
   Compiling icu_normalizer_data v2.2.0
   Compiling strsim v0.11.1
   Compiling icu_properties_data v2.2.0
   Compiling ctutils v0.4.2
   Compiling aho-corasick v1.1.4
   Compiling syn v2.0.117
   Compiling semver v1.0.28
   Compiling base64 v0.22.1
   Compiling hybrid-array v0.4.10
   Compiling const-oid v0.10.2
   Compiling errno v0.3.14
   Compiling signal-hook-registry v1.4.8
   Compiling parking_lot v0.12.5
   Compiling mio v1.2.0
   Compiling socket2 v0.6.3
   Compiling jobserver v0.1.34
   Compiling crypto-common v0.1.7
   Compiling cc v1.2.59
   Compiling block-buffer v0.10.4
   Compiling crypto-common v0.2.1
   Compiling block-buffer v0.12.0
   Compiling regex-syntax v0.8.10
   Compiling digest v0.10.7
   Compiling rustc_version v0.4.1
   Compiling local-waker v0.1.4
   Compiling ident_case v1.0.1
   Compiling zstd-safe v7.2.4
   Compiling crc32fast v1.5.0
   Compiling tinyvec_macros v0.1.1
   Compiling unicode-segmentation v1.13.2
   Compiling digest v0.11.2
   Compiling alloc-no-stdlib v2.0.4
   Compiling synstructure v0.13.2
   Compiling convert_case v0.10.0
   Compiling alloc-stdlib v0.2.2
   Compiling darling_core v0.21.3
   Compiling tinyvec v1.11.0
   Compiling curve25519-dalek v4.1.3
   Compiling zstd-sys v2.0.16+zstd.1.5.7
   Compiling cpufeatures v0.2.17
   Compiling http v0.2.12
   Compiling hashbrown v0.16.1
   Compiling httparse v1.10.1
   Compiling regex-automata v0.4.14
   Compiling regex-lite v0.1.9
   Compiling rand_core v0.9.5
   Compiling adler2 v2.0.1
   Compiling zerofrom-derive v0.1.7
   Compiling yoke-derive v0.8.2
   Compiling zerovec-derive v0.11.3
   Compiling tokio-macros v2.7.0
   Compiling displaydoc v0.2.5
   Compiling futures-macro v0.3.32
   Compiling serde_derive v1.0.228
   Compiling tracing-attributes v0.1.31
   Compiling tokio v1.51.0
   Compiling regex v1.12.3
   Compiling zeroize_derive v1.4.3
   Compiling futures-util v0.3.32
   Compiling zerofrom v0.1.7
   Compiling equivalent v1.0.2
   Compiling unicode-xid v0.2.6
   Compiling simd-adler32 v0.3.9
   Compiling autocfg v1.5.1
   Compiling time-core v0.1.8
   Compiling num-conv v0.2.1
   Compiling heck v0.5.0
   Compiling powerfmt v0.2.0
   Compiling num-traits v0.2.19
   Compiling deranged v0.5.8
   Compiling time-macros v0.2.27
   Compiling tracing v0.1.44
   Compiling zeroize v1.8.2
   Compiling miniz_oxide v0.8.9
   Compiling bytestring v1.5.0
   Compiling derive_more-impl v2.1.1
   Compiling indexmap v2.13.1
   Compiling darling_macro v0.21.3
   Compiling unicode-normalization v0.1.25
   Compiling brotli-decompressor v5.0.0
   Compiling uuid v1.23.0
   Compiling actix-utils v3.0.1
   Compiling inout v0.1.4
   Compiling yoke v0.8.2
   Compiling cpufeatures v0.3.0
   Compiling form_urlencoded v1.2.2
   Compiling chacha20 v0.10.0
   Compiling cookie v0.16.2
   Compiling actix-service v2.0.3
   Compiling ppv-lite86 v0.2.21
   Compiling mime v0.3.17
   Compiling rand_chacha v0.9.0
   Compiling thiserror v2.0.18
   Compiling utf8parse v0.2.2
   Compiling byteorder v1.5.0
   Compiling unicode-bidi v0.3.18
   Compiling unicode-properties v0.1.4
   Compiling rand v0.9.2
   Compiling anstyle-parse v1.0.0
   Compiling stringprep v0.1.5
   Compiling derive_more v2.1.1
   Compiling rand v0.10.0
   Compiling brotli v8.0.2
   Compiling sha2 v0.11.0
   Compiling cipher v0.4.4
   Compiling darling v0.21.3
   Compiling time v0.3.47
   Compiling flate2 v1.1.9
   Compiling actix-router v0.5.4
   Compiling thiserror-impl v2.0.18
   Compiling sha1 v0.10.6
   Compiling md-5 v0.11.0
   Compiling hmac v0.13.0
   Compiling tokio-util v0.7.18
   Compiling actix-rt v2.11.0
   Compiling actix-codec v0.5.2
   Compiling h2 v0.3.27
   Compiling local-channel v0.1.5
   Compiling socket2 v0.5.10
   Compiling objc2-core-foundation v0.3.2
   Compiling zerovec v0.11.6
   Compiling zerotrie v0.2.4
   Compiling encoding_rs v0.8.35
   Compiling language-tags v0.3.2
   Compiling anstyle-query v1.1.5
   Compiling core-foundation-sys v0.8.7
   Compiling is_terminal_polyfill v1.70.2
   Compiling colorchoice v1.0.5
   Compiling fallible-iterator v0.2.0
   Compiling either v1.15.0
   Compiling httpdate v1.0.3
   Compiling ryu v1.0.23
   Compiling rand_core v0.6.4
   Compiling diesel_derives v2.3.7
   Compiling unicase v2.9.0
   Compiling siphasher v1.0.2
   Compiling anstyle v1.0.14
   Compiling foldhash v0.1.5
   Compiling mime_guess v2.0.5
   Compiling anstream v1.0.0
   Compiling phf_shared v0.13.1
   Compiling x25519-dalek v2.0.1
   Compiling serde_urlencoded v0.7.1
   Compiling postgres-protocol v0.6.11
   Compiling iana-time-zone v0.1.65
   Compiling objc2-system-configuration v0.3.2
   Compiling actix-server v2.6.0
   Compiling actix-web-codegen v4.3.0
   Compiling dsl_auto_type v0.2.0
   Compiling chacha20 v0.9.1
   Compiling actix-macros v0.2.4
   Compiling diesel_table_macro_syntax v0.3.0
   Compiling v_htmlescape v0.15.8
   Compiling impl-more v0.1.9
   Compiling postgres-types v0.2.13
   Compiling whoami v2.1.1
   Compiling phf v0.13.1
   Compiling async-trait v0.1.89
   Compiling futures-channel v0.3.32
   Compiling clap_lex v1.1.0
   Compiling anyhow v1.0.102
   Compiling downcast-rs v2.0.2
   Compiling clap_builder v4.6.0
   Compiling tokio-postgres v0.7.17
   Compiling chrono v0.4.45
   Compiling arena_proto v0.1.0 (/private/tmp/nb-combat-rest/arena_proto)
   Compiling tinystr v0.8.3
   Compiling potential_utf v0.1.5
   Compiling icu_collections v2.2.0
   Compiling bb8 v0.9.1
   Compiling clap_derive v4.6.1
   Compiling icu_locale_core v2.2.0
   Compiling env_filter v1.0.1
   Compiling scoped-futures v0.1.4
   Compiling jiff v0.2.23
   Compiling hex v0.4.3
   Compiling http-range v0.1.5
   Compiling icu_provider v2.2.0
   Compiling tokio-stream v0.1.18
   Compiling icu_properties v2.2.0
   Compiling icu_normalizer v2.2.0
   Compiling blades_lib v0.1.0 (/private/tmp/nb-combat-rest/blades_lib)
   Compiling sha2 v0.10.9
   Compiling hmac v0.12.1
   Compiling rusty_enet v0.4.0
   Compiling clap v4.6.1
   Compiling idna_adapter v1.2.1
warning: unused import: `super::*`
   --> blades_lib/src/util/quest.rs:130:9
    |
130 |     use super::*;
    |         ^^^^^^^^
    |
    = note: `#[warn(unused_imports)]` (part of `#[warn(unused)]`) on by default

   Compiling idna v1.1.0
   Compiling url v2.5.8
   Compiling env_logger v0.11.10
   Compiling diesel v2.3.7
   Compiling zstd v0.13.3
   Compiling actix-http v3.12.0
   Compiling actix-web v4.13.0
warning: `blades_lib` (lib test) generated 1 warning (run `cargo fix --lib -p blades_lib --tests` to apply 1 suggestion)
   Compiling actix-files v0.6.10
   Compiling actix-ws v0.4.0
   Compiling diesel-async v0.7.4
   Compiling server v0.1.0 (/private/tmp/nb-combat-rest/server)
warning: unused import: `super::*`
    --> server/src/arena/combat/state.rs:2609:9
     |
2609 |     use super::*;
     |         ^^^^^^^^
     |
     = note: `#[warn(unused_imports)]` (part of `#[warn(unused)]`) on by default

warning: function `slice_for` is never used
    --> server/src/abyss.rs:1969:8
     |
1969 |     fn slice_for(dungeon: &str, difficulty: u32, floor: u32) -> AbyssSliceEntry {
     |        ^^^^^^^^^
     |
     = note: `#[warn(dead_code)]` (part of `#[warn(unused)]`) on by default

warning: function `b64` is never used
   --> server/src/character.rs:113:4
    |
113 | fn b64(input: &[u8]) -> String {
    |    ^^^

warning: `server` (bin "server" test) generated 3 warnings (run `cargo fix --bin "server" -p server --tests` to apply 1 suggestion)
    Finished `test` profile [unoptimized + debuginfo] target(s) in 39.38s
     Running unittests src/lib.rs (target/debug/deps/arena_proto-c15f372daabb0529)

running 36 tests
test crypto::tests::nonce_source_seam ... ok
test enet::tests::reconstruct_round_trip_reliable ... ok
test crypto::tests::chacha20_zero_vector ... ok
test enet::tests::strict_gate_rejects_bad_marker ... ok
test enet::tests::fragment_needs_resolver ... ok
test crypto::tests::round_trip ... ok
test netdata::tests::oversize_string_truncates_deliberately_instead_of_wrapping ... ok
test netdata::tests::encode_netobjectinfo_from_values_matches_reference ... ok
test netdata::tests::a_u16_bytearray_prefix_desynchronises_the_rest_of_the_stream ... ok
test netdata::tests::bytearray_at_its_u8_ceiling_roundtrips ... ok
test netdata::tests::oversize_bytearray_truncates_deliberately_instead_of_wrapping ... ok
test netdata::tests::at_and_under_the_ceiling_is_unchanged ... ok
test netdata::tests::packed_stats_roundtrip ... ok
test netdata::tests::parse_op55_netobjectinfo ... ok
test netdata::tests::parse_real_op53_bytearray_uses_a_u8_length_prefix ... ok
test netdata::tests::parse_sparse_with_string ... ok
test netdata::tests::roundtrip_op55 ... ok
test netdata::tests::roundtrip_real_retail_bodies ... ok
test netdata::tests::truncated_stream_reports_not_ok ... ok
test netdata::tests::roundtrip_sparse_with_string ... ok
test opcodes::tests::gate_matches_defined_variants ... ok
test opcodes::tests::known_opcodes ... ok
test netdata::tests::oversize_string_truncates_on_a_utf8_boundary ... ok
test crypto::tests::x25519_agreement ... ok
test reassembly::tests::group_decode_is_real_gates ... ok
test reassembly::tests::endpoint_confirmed_but_one_group_stays_garbage ... ok
test reassembly::tests::uuid_string_count_matches_reference_regex ... ok
test reassembly::tests::incomplete_group_not_resolved ... ok
test reassembly::tests::uncaptured_key_yields_no_group ... ok
test reassembly::tests::select_endpoint_key_reports_no_key ... ok
test reassembly::tests::out_of_order_and_duplicate_fragments ... ok
test reassembly::tests::cross_product_recovers_mispaired_key_and_nonce ... ok
test reassembly::tests::colliding_start_seq_resolves_both_flows_independently ... ok
test reassembly::tests::reassemble_two_fragments_then_decrypt ... ok
test reassembly::tests::byte0_false_positive_key_is_not_selected ... ok
test reassembly::tests::endpoint_with_two_different_keys_resolves_both_groups ... ok

test result: ok. 36 passed; 0 failed; 0 ignored; 0 measured; 0 filtered out; finished in 0.00s

     Running unittests src/lib.rs (target/debug/deps/blades_lib-233b789ed869e43d)

running 136 tests
test economy::skip_time::tests::table_parses_to_the_two_apk_bands ... ok
test economy::skip_time::tests::f32_arithmetic_is_load_bearing_at_a_band_boundary ... ok
test economy::skip_time::tests::the_longest_captured_timer_prices_at_840_gems ... ok
test economy::skip_time::tests::ms_helper_agrees_with_the_seconds_walk ... ok
test economy::skip_time::tests::band_join_matches_the_captured_prices ... ok
test economy::skip_time::tests::a_missing_or_broken_table_is_none ... ok
test economy::skip_time::tests::elapsed_or_negative_time_is_free ... ok
test economy::skip_time::tests::sub_hour_times_round_up_to_at_least_one_gem ... ok
test economy::skip_time::tests::without_a_table_nothing_is_charged ... ok
test economy::tests::credit_and_debit_track_balance ... ok
test economy::skip_time::tests::insufficient_gems_errors_and_leaves_the_balance_unchanged ... ok
test economy::skip_time::tests::an_elapsed_timer_charges_nothing ... ok
test economy::tests::debit_below_zero_errors_without_mutating ... ok
test economy::skip_time::tests::charging_debits_exactly_the_curve_price ... ok
test economy::tests::apply_reward_credits_grants_and_adds_xp ... ok
test economy::tests::try_pay_is_atomic_across_currencies ... ok
test economy::tests::stackables_add_and_remove_to_zero_clears_entry ... ok
test features::challenges::tests::instance_starts_active_at_zero_progress ... ok
test economy::tests::reward_grant_omits_empty_fields_on_the_wire ... ok
test features::challenges::tests::instance_round_trips_camelcase_wire ... ok
test features::challenges::tests::progress_clamps_and_completion_tracks_quota ... ok
test features::challenges::tests::rotate_wraps_around_the_pool ... ok
test features::character_ops::tests::abilities_merge_into_opaque_value ... ok
test economy::tests::reward_grant_deserializes_from_captured_quest_complete ... ok
test features::character_ops::tests::attribute_parse ... ok
test features::character_ops::tests::destroy_removes_backpack_items ... ok
test features::character_ops::tests::equip_consumable_ignores_unowned_and_is_idempotent ... ok
test features::character_ops::tests::equip_moves_item_into_slot_and_back ... ok
test features::character_ops::tests::equip_stackable_consumable_updates_loadout_and_diff ... ok
test features::character_ops::tests::equipment_updates_routes_a_potion_id_to_consumables ... ok
test features::character_ops::tests::levelup_bumps_level_and_chosen_attribute ... ok
test features::character_ops::tests::loadout_profile_stored_at_index ... ok
test features::chests::tests::empty_pool_yields_none ... ok
test features::chests::tests::pick_is_deterministic_per_granted_chest ... ok
test features::daily_reward::tests::a_missing_weekday_falls_back_rather_than_serving_nothing ... ok
test features::daily_reward::tests::a_weekday_keyed_pool_serves_the_same_reward_every_tuesday ... ok
test features::chests::tests::a_reused_numeric_id_does_not_repeat_forever ... ok
test features::daily_reward::tests::empty_pool_has_no_reward ... ok
test features::daily_reward::tests::every_weekday_gets_its_own_reward_across_one_week ... ok
test features::daily_reward::tests::payload_serializes_one_branch_only ... ok
test features::daily_reward::tests::period_advances_daily_and_rotates ... ok
test features::daily_reward::tests::the_day_turns_over_at_05_00_utc_not_midnight ... ok
test features::daily_reward::tests::until_is_the_next_05_00_in_ms ... ok
test features::game_events::tests::an_event_is_open_only_inside_its_recurring_window ... ok
test features::game_events::tests::an_event_that_has_not_started_yet_is_not_active ... ok
test features::game_events::tests::empty_library_yields_nothing ... ok
test features::game_events::tests::the_wire_instance_is_stamped_with_its_own_window ... ok
test features::game_events::tests::warning_lists_what_opens_within_the_lead_and_nothing_else ... ok
test features::gifts::tests::claim_respects_window_and_limit ... ok
test features::gifts::tests::currency_items_become_reward_currencies ... ok
test features::gifts::tests::gift_chest_rarity_becomes_treasury_tier ... ok
test features::gifts::tests::non_currency_items_become_stackables ... ok
test features::gifts::tests::zero_window_is_unbounded ... ok
test features::global_shop::tests::a_priced_request_is_not_free_even_on_the_free_path ... ok
test features::global_shop::tests::free_offers_may_be_claimed_for_nothing ... ok
test features::global_shop::tests::free_offers_still_require_a_real_currency ... ok
test features::global_shop::tests::purchases_list_is_sorted_and_complete ... ok
test features::global_shop::tests::sanitize_accepts_a_normal_sigil_price ... ok
test features::global_shop::tests::sanitize_rejects_empty_zero_unknown_and_absurd ... ok
test features::merchant::tests::a_default_window_is_never_live ... ok
test features::merchant::tests::a_buyback_round_trips_through_json_in_the_captured_shape ... ok
test features::merchant::tests::a_window_is_live_until_it_expires_then_not ... ok
test features::merchant::tests::a_merchant_has_a_gold_budget_drawn_from_its_measured_band ... ok
test features::merchant::tests::a_temper_level_past_the_ladder_clamps_to_its_top ... ok
test features::merchant::tests::an_exhausted_merchant_takes_the_item_and_pays_zero ... ok
test features::merchant::tests::an_unknown_or_zero_value_template_is_worth_nothing ... ok
test features::merchant::tests::buying_replenishes_what_the_merchant_can_spend ... ok
test features::merchant::tests::buybacks_expire_after_five_minutes ... ok
test features::merchant::tests::enchantments_add_at_face_value_and_grading_adds_nothing ... ok
test features::merchant::tests::remaining_budget_is_wallet_plus_revenue_floored_at_zero ... ok
test features::merchant::tests::meta_keys_do_not_become_rows ... ok
test features::merchant::tests::revenue_is_omitted_from_the_wire_until_something_moves ... ok
test features::merchant::tests::sell_price_is_the_templates_sell_value_at_temper_zero ... ok
test features::merchant::tests::selling_pays_the_player_and_draws_down_the_merchants_budget ... ok
test features::merchant::tests::selling_something_you_do_not_have_is_reported_not_fatal ... ok
test features::merchant::tests::stock_runs_down_as_the_player_buys_and_never_goes_negative ... ok
test features::merchant::tests::stackables_are_sell_value_per_unit ... ok
test features::merchant::tests::the_same_shop_and_window_always_rolls_the_same_budget ... ok
test features::merchant::tests::temper_scales_the_sell_price_by_the_measured_multiplier ... ok
test features::merchant::tests::the_window_is_ten_hours_truncated_to_whole_seconds ... ok
test features::repair::tests::a_poor_character_repairs_what_it_can_afford_and_is_charged_only_for_that ... ok
test features::repair::tests::an_already_full_item_is_neither_charged_nor_reported ... ok
test features::repair::tests::cost_scales_with_the_condition_deficit ... ok
test features::repair::tests::max_durability_reads_the_whole_temper_ladder ... ok
test features::repair::tests::meta_key_does_not_break_the_table ... ok
test features::repair::tests::repair_all_is_complete_even_when_no_template_is_known ... ok
test features::repair::tests::stale_client_item_ids_are_reported_not_fatal ... ok
test features::repair::tests::repair_all_then_second_visit_costs_zero_and_everything_is_at_max ... ok
test features::repair::tests::tracker_carries_both_equipped_and_backpack_repairs_into_the_diff ... ok
test features::repair::tests::unbreakable_item_is_left_alone ... ok
test features::salvage::tests::sums_materials_across_recipes ... ok
test features::salvage::tests::unknown_recipe_yields_nothing ... ok
test features::repair::tests::unknown_template_is_still_restored_not_skipped ... ok
test server_state::tests::old_server_state_defaults_the_promotion_ledger ... ok
test server_state::tests::promotion_ledger_round_trips_as_server_only_json ... ok
test user_data::backpack::item_grade_arcane_tier_tests::a_stored_item_predating_the_fields_still_deserializes ... ok
test user_data::backpack::item_grade_arcane_tier_tests::a_graded_retail_item_carries_no_tempering_or_durability ... ok
test user_data::backpack::item_grade_arcane_tier_tests::ungraded_gear_stays_wire_identical_to_before ... ok
test user_data::backpack::item_grade_arcane_tier_tests::retail_grade_and_arcane_tier_survive_the_flattened_round_trip ... ok
test user_data::backpack::item_grade_arcane_tier_tests::grade_and_arcane_tier_survive_the_map_to_vec_backpack_path ... ok
test user_data::backpack::wire_camelcase_tests::inventory_diff_is_camelcase ... ok
test user_data::backpack::wire_camelcase_tests::loadout_update_echoes_consumables_only_when_changed ... ok
test user_data::backpack::wire_camelcase_tests::loadout_omits_empty_equipped_consumables ... ok
test user_data::challenge_season_tests::a_real_session_id_round_trips ... ok
test user_data::challenge_season_tests::an_explicit_null_session_id_deserializes ... ok
test user_data::challenge_season_tests::an_omitted_session_id_deserializes ... ok
test user_data::dungeon::collected_chests_compat::a_status_without_collected_chests_still_deserializes ... ok
test user_data::dungeon::collected_chests_compat::an_old_bare_uuid_collected_set_still_deserializes ... ok
test user_data::dungeon::report61_tests::a_dungeon_body_without_chests_or_items_deserializes ... ok
test user_data::dungeon::collected_chests_compat::an_empty_collected_set_is_not_serialized ... ok
test user_data::dungeon::report61_tests::an_enemy_result_without_loot_table_loot_deserializes ... ok
test user_data::dungeon::report61_tests::a_populated_body_still_round_trips ... ok
test user_data::dungeon::report61_tests::an_item_result_without_loot_table_loot_deserializes ... ok
test user_data::dungeon::report61_tests::the_minimal_dungeon_body_deserializes ... ok
test user_data::dungeon::report61_tests::an_omitted_map_stays_omitted_on_the_way_out ... ok
test user_data::quest::tests::a_negative_seed_round_trips ... ok
test user_data::quest::tests::a_negative_retail_seed_deserializes ... ok
test user_data::quest::tests::a_seed_above_i64_max_deserializes ... ok
test user_data::quest::tests::a_positive_seed_still_works ... ok
test user_data::quest::tests::both_seed_populations_survive_the_same_build ... ok
test user_data::quest::tests::quest_corpus_from_production_deserializes ... ok
test user_data::quest::tests::the_extremes_of_both_ranges_round_trip ... ok
test util::quest::tests::empty_scaling_degrades_to_player_level_never_flat_one ... ok
test util::quest::tests::enemy_level_scales_with_player_not_flat_one ... ok
test features::game_events::tests::the_committed_library_opens_about_two_events_at_a_time ... ok
test util::dungeon::chest_generation_tests::apk_chest_corpus_is_complete_and_not_the_old_stub ... ok
test features::merchant::tests::committed_tables_load_and_price_real_items ... ok
test features::repair::tests::committed_apk_tables_load_and_are_complete ... ok
test game_data::parsed_json_load_test::committed_parsed_json_deserializes ... ok
test util::dungeon::interactable_loot_tests::a_roll_is_stable_for_the_same_barrel ... ok
test util::dungeon::interactable_loot_tests::the_loot_table_corpus_loads ... ok
test util::dungeon::interactable_loot_tests::empty_remains_possible ... ok
test util::dungeon::interactable_loot_tests::some_rolls_produce_loot ... ok
test util::dungeon::interactable_loot_tests::we_only_ever_emit_items_retail_used ... ok
test util::dungeon::interactable_loot_tests::a_roll_can_yield_several_items_at_once ... ok
test util::dungeon::chest_generation_tests::every_parsed_chest_uses_its_apk_tier_and_quantity ... ok

test result: ok. 136 passed; 0 failed; 0 ignored; 0 measured; 0 filtered out; finished in 0.27s

     Running unittests src/main.rs (target/debug/deps/server-fe22a9141dc0159a)

running 1000 tests
test abyss::tests::build_slices_from_floor_one_matches_fresh ... ok
test abyss::tests::build_slices_exact_pool_cycling ... ok
test abyss::tests::build_slices_150_floors ... ok
test abyss::tests::a_start_floor_past_the_top_is_empty_not_stuck ... ok
test abyss::tests::a_resumed_runs_first_slice_is_the_resumed_floor ... ok
test abyss::tests::build_slices_from_resumes_at_requested_floor ... ok
test abyss::tests::generate_seed_deterministic ... ok
test abyss::tests::dungeon_tier_prefix_fallback ... ok
test abyss::tests::deep_floor_difficulty_from_curve_not_100 ... ok
test abyss::tests::combat_durability_only_damages_owned_equipped_gear ... ok
test abyss::tests::end_reward_zero_floors ... ok
test abyss::tests::a_floor_cleared_without_a_kill_pays_nothing ... ok
test abyss::tests::end_reward_depends_on_initial_player_level_not_just_depth ... ok
test abyss::tests::item_consumed_debits_only_owned_equipped_stackables ... ok
test abyss::tests::all_six_client_actions_parse_into_their_own_arm ... ok
test abyss::tests::end_reward_reproduces_the_captured_runs_exactly ... ok
test abyss::tests::fractional_totals_round_half_up ... ok
test abyss::tests::a_kill_in_the_same_body_as_the_completion_credits_the_old_floor ... ok
test abyss::tests::deep_floor_dungeon_pick_is_depth_appropriate_and_deterministic ... ok
test abyss::tests::a_same_level_kill_scores_ten_not_one ... ok
test abyss::tests::kill_score_scales_with_level_delta ... ok
test abyss::tests::kill_score_alignment_matches_the_captured_score ... ok
test admin::tests::current_character_projection::exposes_only_public_character_fields ... ok
test abyss::tests::revive_actions_are_counted ... ok
test abyss::tests::only_abyss_slice_completed_advances_the_floor ... ok
test abyss::tests::per_floor_base_rewards_are_the_extracted_table ... ok
test abyss::tests::scaling_curve_breakpoints_floor_at_one_and_plateau ... ok
test abyss::tests::score_uses_server_side_difficulty_not_client_input ... ok
test admin::tests::data_part_accepts_new_flags_dash_key ... ok
test admin::tests::a_quest_missing_a_required_field_is_dropped ... ok
test admin::tests::an_unreadable_quest_does_not_reject_the_character ... ok
test admin::tests::a_broken_character_part_is_still_refused ... ok
test admin::tests::device_claims::a_caller_that_sends_no_peer_list_falls_back_to_the_old_rule ... ok
test admin::tests::device_claims::claiming_an_unclaimed_device_seen_on_another_players_tunnel_is_refused ... ok
test admin::tests::device_claims::claiming_an_unclaimed_device_seen_on_your_own_tunnel_works ... ok
test admin::tests::device_claims::a_database_rejection_is_logged_not_swallowed ... ok
test admin::tests::device_claims::a_refusal_does_not_disable_legitimate_claims ... ok
test admin::tests::device_claims::an_anonymous_list_leaks_nothing ... ok
test admin::tests::device_claims::an_empty_peer_list_claims_nothing_attributable ... ok
test admin::tests::device_claims::claiming_a_brand_new_device_works ... ok
test admin::tests::device_claims::claiming_an_unclaimed_device_with_no_recorded_tunnel_works ... ok
test admin::tests::device_claims::claiming_an_unclaimed_device_works ... ok
test admin::tests::device_claims::claiming_another_players_device_is_refused_and_changes_nothing ... ok
test admin::tests::device_claims::claiming_for_a_user_that_does_not_exist_is_a_404_not_a_500 ... ok
test admin::tests::device_claims::reaffirming_your_own_binding_ignores_the_tunnel ... ok
test admin::tests::device_claims::reclaiming_your_own_device_is_idempotent ... ok
test admin::tests::device_claims::the_list_carries_the_tunnel_each_device_was_seen_on ... ok
test admin::tests::device_claims::the_list_hides_another_players_device ... ok
test admin::tests::device_claims::the_list_shows_unclaimed_and_own_devices ... ok
test admin::tests::device_claims::the_statements_still_carry_their_guards ... ok
test admin::tests::late_import_enters_the_active_season_at_zero_cups ... ok
test admin::tests::import_request_carries_captured_story_quests ... ok
test admin::tests::reassign_device_containment::source_wg_ip_is_left_alone ... ok
test admin::tests::reassign_device_containment::it_reassigns_unconditionally_once_past_the_address_check ... ok
test admin::tests::reimport_on_the_same_season_preserves_live_progress ... ok
test abyss::tests::slices_count_above_player_level_is_twenty ... ok
test admin::tests::import_request_deserializes_from_wire_json ... ok
test admin::tests::season_award_grant_defaults::an_empty_or_absent_body_cannot_grant ... ok
test admin::tests::import_request_without_quests_still_deserializes ... ok
test admin::tests::season_award_grant_defaults::batches_start_small_and_keys_are_unambiguous ... ok
test admin::tests::season_award_grant_defaults::town_xp_is_rejected_instead_of_partly_granted ... ok
test admin::tests::season_rollover_defaults::a_mistyped_apply_field_is_a_dry_run ... ok
test admin::tests::season_rollover_defaults::a_real_rollover_clears_the_previous_seasons_promotion_ledger ... ok
test admin::tests::season_rollover_defaults::an_absent_body_is_a_dry_run ... ok
test admin::tests::season_rollover_defaults::an_empty_body_is_a_dry_run ... ok
test admin::tests::season_rollover_defaults::apply_is_not_coerced_from_a_truthy_string_or_number ... ok
test admin::tests::season_rollover_defaults::apply_true_is_the_only_thing_that_arms_it ... ok
test abyss::tests::the_built_in_fallback_matches_the_shipped_tables ... ok
test admin::tests::reassign_device_containment::the_authority_is_scoped_to_addresses ... ok
test arena::arena_economy::tests::gold_currency_uuid_is_the_captured_one ... ok
test arena::arena_ladder::tests::chest_meter_counts_rounds_won_and_wraps_at_capacity ... ok
test arena::arena_economy::tests::record_without_install_is_a_no_op ... ok
test arena::arena_ladder::tests::arena_one_streak_exception_params_match_the_capture ... ok
test arena::arena_ladder::tests::gold_reproduces_every_observed_retail_card_exactly ... ok
test arena::arena_ladder::tests::k_factor_is_the_shipped_band_ladder_not_a_constant ... ok
test arena::arena_ladder::tests::ladder_is_the_shipped_46_rung_table ... ok
test announcements::tests::reward_entry_uses_the_db_season_id_for_asset_and_gift_routing ... ok
test arena::arena_ladder::tests::five_hundred_cups_promotes_once_and_the_arena_is_sticky ... ok
test arena::arena_ladder::tests::result_score_uses_the_shipped_round_score_weights ... ok
test arena::arena_ladder::tests::crossing_200_at_level_86_awards_three_transcendent_soul_gems ... ok
test arena::arena_ladder::tests::the_single_unexplained_xp_observation_is_documented_not_hidden ... ok
test arena::arena_ladder::tests::flat_k_60_needs_an_implausible_pairing_for_the_captured_season_openers ... ok
test arena::arena_economy::tests::crossing_200_stages_transcendent_gems_for_durable_application ... ok
test arena::arena_ladder::tests::reward_is_monotone_in_level_and_in_outcome ... ok
test arena::arena_ladder::tests::tier_matches_every_retail_card ... ok
test arena::arena_ladder::tests::promotion_chests_match_the_retail_reward_new_level_arena ... ok
test arena::arena_ladder::tests::xp_reproduces_the_observed_retail_cards_exactly ... ok
test arena::arena_ladder::tests::trophy_delta_is_elo_shaped_over_the_shipped_tables ... ok
test arena::arena_promotion_loot::tests::every_generated_template_id_is_a_uuid ... ok
test arena::arena_promotion_loot::tests::level_bands_do_not_bleed_into_each_other ... ok
test arena::arena_promotion_loot::tests::level_86_arena_one_level_five_awards_transcendent_soul_gems ... ok
test arena::arena_ladder::tests::pvp_special_chests_respect_the_shipped_cooldowns ... ok
test arena::arena_season::tests::a_character_that_never_had_a_season_is_stamped_but_not_archived ... ok
test arena::arena_season::tests::existing_season_history_is_preserved_across_a_rollover ... ok
test arena::arena_season::tests::announcement_matches_the_captured_record_shape ... ok
test arena::arena_season::tests::rollover_archives_the_closing_season_under_its_own_uuid ... ok
test arena::arena_season::tests::season_window_is_the_calendar_month_of_september_2026 ... ok
test arena::arena_season::tests::rollover_is_idempotent_and_cannot_wipe_a_player_twice ... ok
test arena::arena_season::tests::rollover_zeroes_every_live_counter ... ok
test arena::arena_season::tests::ymd_from_unix_agrees_with_the_season_boundaries ... ok
test arena::arena_ladder::tests::pvp_chest_cycle_matches_the_shipped_asset ... ok
test arena::combat::damage::report31_span_tests::dot_span_comes_from_the_ability_not_the_status_duration ... ok
test arena::arena_ladder::tests::flat_k_60_is_impossible_for_the_captured_loss ... ok
test arena::combat::damage::tests::a_high_block_is_side_independent_for_a_weapon_swing ... ok
test arena::combat::damage::tests::ability_damage_comes_from_the_shipped_rank ... ok
test arena::combat::damage::tests::armor_rating_cuts_the_base_and_preserves_the_ramp ... ok
test arena::combat::damage::tests::block_is_rating_driven ... ok
test arena::combat::damage::tests::deep_combo_hit_is_not_clamped ... ok
test arena::combat::damage::tests::blocking_is_not_derated_vs_dot_but_resistance_is ... ok
test arena::combat::damage::tests::combo_ramp_drives_physical_not_enchant ... ok
test arena::combat::damage::tests::edoc_does_not_scale_with_the_combo_multiplier ... ok
test arena::combat::damage::every_cast_does_something::no_damage_ability_resolves_to_zero ... ok
test arena::combat::damage::tests::enchant_uses_the_family_curve_and_the_right_drain ... ok
test arena::combat::damage::tests::fortify_element_applies_to_spells_not_only_weapons ... ok
test arena::combat::damage::tests::fortify_element_is_flat_not_a_multiplier ... ok
test arena::combat::damage::tests::negation_pool_eats_hit_and_absorb_heals ... ok
test arena::combat::damage::tests::pdoc_is_not_armed_by_stagger_or_paralysis ... ok
test arena::combat::damage::tests::pdoc_pays_nothing_against_an_unconditioned_target ... ok
test arena::combat::damage::tests::pdoc_scales_with_the_combo_multiplier ... ok
test arena::combat::damage::tests::resistance_is_a_rating_pierced_by_a_rating ... ok
test arena::combat::damage::tests::the_same_guard_goes_low_purely_by_holding_it ... ok
test arena::combat::damage::tests::weakness_increases_and_is_capped ... ok
test arena::combat::debug_hold_tests::hold_requires_a_short_future_deadline ... ok
test arena::combat::debug_hold_tests::false_values_ignore_even_a_valid_deadline ... ok
test arena::combat::debug_hold_tests::stale_boolean_alone_cannot_freeze_a_restarted_server ... ok
test arena::combat::engine::tests::backend_match_created_is_staggered_after_spawns ... ok
test arena::combat::engine::tests::an_enervated_fighter_does_not_regenerate_magicka ... ok
test arena::combat::engine::tests::a_held_guard_raised_through_the_real_input_path ... ok
test arena::combat::engine::tests::advances_to_round_after_hold ... ok
test arena::arena_ladder::tests::const_tables_match_the_committed_json ... ok
test arena::combat::engine::tests::a_lapsed_stagger_puts_an_op51_remove_on_the_wire ... ok
test arena::combat::engine::tests::ability_cast_deals_spell_damage ... ok
test arena::combat::engine::tests::a_frozen_fighter_does_not_regenerate_stamina ... ok
test arena::combat::engine::tests::a_guard_raised_during_the_swing_still_blocks ... ok
test arena::combat::engine::tests::casting_paralyze_paralyses_and_locks_inputs ... ok
test arena::combat::engine::tests::a_timed_high_block_through_the_real_input_path_stuns_the_attacker ... ok
test arena::combat::engine::tests::crossing_200_puts_transcendent_soul_gems_on_the_match_end_card ... ok
test arena::combat::engine::tests::debug_hold_suppresses_bot_swings ... ok
test arena::combat::engine::tests::combat_input_damages_opponent ... ok
test arena::combat::engine::tests::debug_hold_freezes_at_backend_match_created ... ok
test arena::combat::engine::tests::departure_does_not_double_concede_or_award_a_solo ... ok
test arena::combat::engine::tests::block_input_reduces_incoming_damage ... ok
test arena::combat::engine::tests::block_window_expires ... ok
test arena::combat::engine::tests::expiring_debug_hold_releases_an_existing_match ... ok
test arena::combat::engine::tests::departure_concedes_the_match_to_the_survivor ... ok
test arena::combat::engine::tests::emote_broadcasts_to_both_players ... ok
test arena::combat::engine::tests::interround_table_is_the_decoded_retail_table ... ok
test arena::combat::engine::tests::between_rounds_loadout_window_is_twenty_seconds_wide ... ok
test arena::combat::engine::tests::a_poison_enchant_alone_does_not_paralyse ... ok
test arena::combat::engine::tests::heartbeats_on_cadence ... ok
test arena::combat::engine::tests::match_starts_when_all_connected ... ok
test arena::combat::engine::tests::explicit_concede_runs_complete_terminal_walk ... ok
test arena::combat::engine::tests::between_rounds_rebroadcasts_each_opponent_profile_exactly_once ... ok
test arena::combat::engine::tests::match_state_progresses_3_4_5 ... ok
test arena::combat::engine::tests::op58_clock_sync_echoes_client_token ... ok
test arena::combat::engine::tests::op58_clock_sync_malformed_replies_token_zero ... ok
test arena::combat::engine::tests::interround_op65_carries_the_opponents_real_stats_not_a_placeholder ... ok
test arena::combat::engine::tests::op61_loadout_backend_sync_is_handshake_not_a_swing ... ok
test arena::combat::engine::tests::next_round_opens_with_a_full_health_op65_rebroadcast ... ok
test arena::combat::engine::tests::next_round_reasserts_idle_even_when_logical_state_was_already_idle ... ok
test arena::combat::engine::tests::every_interround_op55_is_paired_with_an_op79 ... ok
test arena::combat::engine::tests::profile_relays_the_senders_hide_helmet ... ok
test arena::combat::engine::tests::live_round_timeout_awards_health_leader_and_advances ... ok
test arena::combat::engine::tests::round_start_interleaves_opponent_profile_before_simulated_avatar ... ok
test arena::combat::engine::tests::round_start_profile_is_opponent_only ... ok
test arena::combat::engine::tests::round_start_spawns_both_avatars ... ok
test arena::combat::engine::tests::op57_skip_current_state_advances_the_pending_state ... ok
test arena::combat::engine::tests::op48_is_cumulative_with_constant_round_number ... ok
test arena::combat::engine::tests::paired_round2_accepts_damage_and_concede ... ok
test arena::combat::engine::tests::match_end_emits_op49_per_player_on_final_round ... ok
test arena::combat::engine::tests::round_transition_handshake_frames_do_no_damage ... ok
test arena::combat::engine::tests::round_ending_death_emits_burst ... ok
test arena::combat::gamedata::tests::ability_rank_clamped_saturates_at_the_last_authored_rank ... ok
test arena::combat::gamedata::tests::continuous_damage_effectiveness_is_075_except_blocking ... ok
test arena::combat::engine::tests::round1_death_loops_to_round2 ... ok
test arena::combat::gamedata::tests::armor_rating_only_resolves_for_armor_templates ... ok
test arena::combat::gamedata::tests::damage_reduction_caps_match_combat_parameters ... ok
test arena::combat::gamedata::tests::damage_type_round_trips ... ok
test arena::combat::gamedata::tests::elemental_dot_is_fire_and_poison_only ... ok
test arena::combat::gamedata::tests::dragonbone_dagger_resolves_with_plausible_stats ... ok
test arena::combat::engine::tests::solo_fallback_ghost_yields_broadcastable_opponent_profile ... ok
test arena::combat::gamedata::tests::enchant_values_resolve_by_family_and_tier ... ok
test arena::combat::gamedata::tests::fireball_and_resist_elements_rank1_match_the_shipped_assets ... ok
test arena::combat::gamedata::tests::paralyze_rank1_matches_the_shipped_asset ... ok
test arena::combat::gamedata::tests::tables_have_the_expected_shape ... ok
test arena::combat::gamedata::tests::timing_and_threshold_params_match_combat_parameters ... ok
test arena::combat::gamedata::tests::sha256_helper_is_correct ... ok
test arena::combat::gamedata::tests::ability_rank_slices_are_consistent ... ok
test arena::combat::gamedata::tests::ward_rank1_matches_the_shipped_asset ... ok
test arena::combat::gamedata::tests::uuid_keyed_tables_are_sorted_and_unique ... ok
test arena::combat::gamedata::tests::enchant_tier_slices_are_consistent ... ok
test arena::combat::input::tests::avatar_id_bytes_are_not_part_of_execute_ability_framing ... ok
test arena::combat::input::tests::decodes_equipped_consumable_from_capture ... ok
test arena::combat::input::tests::decodes_execute_ability ... ok
test arena::combat::input::tests::detects_request_consume_consumable_from_capture ... ok
test arena::combat::input::tests::swipe_input_is_not_an_ability ... ok
test arena::combat::gamedata::tests::every_row_is_reachable_through_its_lookup ... ok
test arena::combat::loadout::bonus_ranks_divisor::an_unexpected_tier_clamps_instead_of_inventing_ranks ... ok
test arena::combat::loadout::bonus_ranks_divisor::the_derived_formula_reproduces_the_shipped_grants ... ok
test arena::combat::loadout::bonus_ranks_divisor::two_tier_two_rings_give_the_plus_ten_the_menu_showed ... ok
test arena::combat::loadout::tests::a_block_enchant_is_scaled_like_its_siblings_not_raw ... ok
test arena::combat::engine::tests::solo_bot_match_starts_on_one_peer_and_bot_attacks ... ok
test arena::combat::loadout::tests::a_gear_bonus_cannot_exceed_the_abilitys_maximum_level ... ok
test arena::combat::loadout::tests::abilities_without_a_grade_bonus_are_untouched ... ok
test arena::combat::loadout::tests::ability_level_is_clamped_to_the_shipped_maximum ... ok
test arena::combat::loadout::tests::ability_routing_covers_the_shipped_table ... ok
test arena::combat::loadout::tests::empty_abilities_value_is_safe ... ok
test arena::combat::loadout::tests::enchants_dispatch_on_logic_class_not_uuid_prefix ... ok
test arena::combat::loadout::tests::every_grade_property_points_at_a_known_ability ... ok
test arena::combat::loadout::tests::fortify_health_uses_the_shipped_curve ... ok
test arena::combat::loadout::tests::frost_revenge_t10_is_scaled_to_the_captured_magnitude ... ok
test arena::combat::loadout::tests::grade_bonus_is_four_at_tier_one_and_five_above ... ok
test arena::combat::loadout::tests::grading_affixes_collect_into_per_ability_bonuses ... ok
test arena::combat::loadout::tests::no_perk_rank_is_purchasable_above_level_fifty ... ok
test arena::combat::loadout::tests::parses_equipped_abilities_by_value_with_levels ... ok
test arena::combat::loadout::tests::perk_bonus_returns_the_shipped_values ... ok
test arena::combat::loadout::tests::perk_ranks_are_sorted_the_way_perk_bonus_searches ... ok
test arena::combat::loadout::tests::shipped_magnitudes_reproduce_the_s506_anchors ... ok
test arena::combat::loadout::tests::starter_resolves_a_real_item ... ok
test arena::combat::loadout::tests::the_frostbite_grade_property_resolves ... ok
test arena::combat::loadout::tests::the_material_block_families_ship_a_zero_curve ... ok
test arena::combat::loadout::tests::the_retracted_rank_count_formula_is_not_what_we_use ... ok
test arena::combat::loadout::tests::the_same_ring_in_both_hands_stacks_additively ... ok
test arena::combat::loadout::tests::the_vs_spell_revenge_variants_are_inert ... ok
test arena::combat::loadout::tests::the_weapon_perks_order_light_versatile_heavy ... ok
test arena::combat::loadout::tests::two_paralyze_rings_raise_the_cast_to_rank_twelve ... ok
test arena::combat::loadout::tests::weapon_profile_uses_real_template_and_tempering ... ok
test arena::combat::loadout::two_handed_tests::a_weapon_without_a_shield_uses_the_two_handed_base ... ok
test arena::combat::loadout::two_handed_tests::a_zero_two_handed_value_falls_back_rather_than_disarming_the_weapon ... ok
test arena::combat::loadout::two_handed_tests::an_ordinary_item_has_no_mandatory_properties ... ok
test arena::combat::loadout::two_handed_tests::dawnbreaker_delivers_its_template_properties ... ok
test arena::combat::loadout::two_handed_tests::dragons_blight_delivers_its_armour_piercing ... ok
test arena::combat::loadout::two_handed_tests::the_same_weapon_with_a_shield_is_unchanged ... ok
test arena::combat::loadout::two_handed_tests::the_starter_loadout_is_one_handed ... ok
test arena::combat::messages::tests::base_stagger_duration_is_not_a_control_prop ... ok
test arena::combat::messages::tests::change_combat_status_effect_shape ... ok
test arena::combat::messages::tests::combat_screen_info_matches_capture ... ok
test arena::combat::messages::tests::clock_matches_s486_capture ... ok
test arena::combat::messages::tests::active_side_reads_prop9_not_the_packed_stats ... ok
test arena::combat::messages::tests::control_capability_props_are_not_claimed ... ok
test arena::combat::messages::tests::damage_negated_shape ... ok
test arena::combat::messages::tests::decodes_a_real_captured_play_emote ... ok
test arena::combat::messages::tests::emote_is_noncombat ... ok
test arena::combat::messages::tests::emote_relay_matches_retail_shape ... ok
test arena::combat::messages::tests::flow_state_matches_capture ... ok
test arena::combat::messages::tests::flow_state_other_states_build ... ok
test arena::combat::messages::tests::loadout_backend_synchronized_matches_s506 ... ok
test arena::combat::messages::tests::match_end_match_matches_s506 ... ok
test arena::combat::messages::tests::match_state_change_ack_matches_s506 ... ok
test arena::combat::messages::tests::match_state_change_request_matches_s506 ... ok
test arena::combat::messages::tests::perform_execute_ability_echoes_request ... ok
test arena::combat::messages::tests::perform_consume_consumable_matches_capture ... ok
test arena::combat::messages::tests::play_emote_and_block_decode ... ok
test arena::combat::messages::tests::match_post_round_info_is_cumulative_and_pins_round_number ... ok
test arena::combat::messages::tests::player_profile_structure ... ok
test arena::combat::messages::tests::player_channeling_state_change_omits_the_unmodelled_blob ... ok
test arena::combat::messages::tests::player_welcome_matches_s506 ... ok
test arena::combat::messages::tests::player_dead_matches_s616_frame_4410663 ... ok
test arena::combat::messages::tests::receive_damage_matches_capture ... ok
test arena::combat::engine::tests::post_match_state_walk_reaches_terminal_then_finishes ... ok
test arena::combat::messages::tests::player_channeling_state_change_matches_capture ... ok
test arena::combat::messages::tests::promotion_and_meter_chests_share_exact_ids_in_the_inventory_diff ... ok
test arena::combat::messages::tests::spawn_avatar_is_sparse ... ok
test arena::combat::messages::tests::results_json_carries_the_full_post_match_pvp_block ... ok
test arena::combat::messages::tests::results_json_carries_a_populated_reward_new_level_arena_on_promotion ... ok
test arena::combat::messages::tests::spawn_control_matches_s127_capture ... ok
test arena::combat::messages::tests::spawn_control_matches_s616_capture ... ok
test arena::combat::messages::tests::results_json_has_card_fields ... ok
test arena::combat::messages::tests::spawn_control_props_match_dump_cs ... ok
test arena::combat::messages::tests::retail_channel_matches_s506_map ... ok
test arena::combat::messages::tests::spawn_match_matches_s506 ... ok
test arena::combat::messages::tests::spawn_player_matches_capture ... ok
test arena::combat::messages::tests::stat_update_matches_s486 ... ok
test arena::combat::messages::tests::update_match_matches_s506 ... ok
test arena::combat::messages::tests::user_message_gmid_and_noncombat_split ... ok
test arena::combat::messages::tests::status_source_kind_is_elemental_only_for_the_four_conditions ... ok
test arena::combat::messages_state::tests::active_side_none_is_folded_to_middle ... ok
test arena::combat::messages_state::tests::auto_attack_carries_the_swipe_direction ... ok
test arena::combat::messages_state::tests::block_is_always_middle ... ok
test arena::combat::messages_state::tests::destroyed_stat_update_selects_a_bar ... ok
test arena::combat::messages_state::tests::generic_state_change_has_no_leaf_parameters ... ok
test arena::combat::messages_state::tests::interrupt_ability_is_ability_id_and_flag ... ok
test arena::combat::messages_state::tests::family_shares_the_capture_pinned_prefix ... ok
test arena::combat::perks::tests::an_over_max_rank_pins_to_the_top_rank_instead_of_dropping_the_perk ... ok
test arena::combat::perks::tests::duplicate_perk_entries_accumulate ... ok
test arena::combat::messages_state::tests::prop9_width_matches_retail_per_gmid ... ok
test arena::combat::perks::tests::healing_surge_ramps_with_stamina_and_is_zero_when_low ... ok
test arena::combat::perks::tests::matching_set_pays_nothing_without_a_matched_set ... ok
test arena::combat::perks::tests::matching_set_needs_all_four_slots_from_one_set ... ok
test arena::combat::messages_state::tests::state_ids_match_the_dump_and_the_captures ... ok
test arena::combat::perks::tests::maximum_power_is_void_unless_magicka_is_full ... ok
test arena::combat::perks::tests::mettle_applies_to_abilities_but_maximum_power_does_not ... ok
test arena::combat::perks::tests::no_perks_is_the_default ... ok
test arena::combat::perks::tests::out_of_scope_perks_resolve_to_nothing ... ok
test arena::combat::perks::tests::perk_ranks_resolve_to_their_shipped_values ... ok
test arena::combat::perks_effect::augmented_flames_raises_a_fire_spell ... ok
test arena::combat::perks_effect::barbarian_adds_its_shipped_damage_to_a_heavy_weapon ... ok
test arena::combat::perks_effect::barbarian_pays_nothing_for_a_light_weapon ... ok
test arena::combat::perks_effect::combat_focus_grants_resistance_for_the_cast_window_then_lapses ... ok
test arena::combat::perks_effect::elemental_protection_reduces_blocked_elemental_damage_only_with_a_shield ... ok
test arena::combat::perks_effect::matching_set_armor_reduces_incoming_physical_damage ... ok
test arena::combat::perks_effect::healing_surge_is_the_only_health_regen_and_needs_high_stamina ... ok
test arena::combat::perks_effect::maximum_power_pays_only_at_full_magicka ... ok
test arena::combat::resolve::cooldown_data_tests::authoritative_per_ability_cooldowns ... ok
test arena::combat::perks_effect::resist_elements_announces_no_cure_when_there_is_nothing_to_cure ... ok
test arena::combat::perks_effect::resist_elements_cures_the_conditions_already_burning ... ok
test arena::combat::resolve::phase4_tests::combat_input_frames_decode_prod_layout ... ok
test arena::combat::resolve::phase4_tests::consumables_are_gated_per_round ... ok
test arena::combat::resolve::phase4_tests::equipped_consumable_latches_before_the_live_round ... ok
test arena::combat::resolve::phase4_tests::ability_cast_emits_channeling_state_change_for_the_casters_own_ability ... ok
test arena::combat::resolve::phase4_tests::double_ko_scores_nothing_and_the_draw_tiebreak_is_ordered ... ok
test arena::combat::resolve::phase4_tests::no_pointer_stream_falls_back_to_alternation ... ok
test arena::combat::engine::tests::score_1_1_next_death_ends_match ... ok
test arena::combat::resolve::phase4_tests::round_reset_clears_pointer_geometry ... ok
test arena::combat::resolve::phase4_tests::stagger_locks_inputs_for_the_shipped_duration ... ok
test arena::combat::resolve::phase4_tests::x_midpoint_classifies_side ... ok
test arena::combat::resolve::phase4_tests::consumable_request_is_answered_with_perform_and_gated_per_round ... ok
test arena::combat::resolve::phase4_tests::press_position_drives_the_committed_side ... ok
test arena::combat::resolve::piercing_tests::armor_piercing_increases_damage_through_armor ... ok
test arena::combat::resolve::piercing_tests::block_piercing_weakens_a_late_block ... ok
test arena::combat::resolve::piercing_tests::piercing_does_not_persist_on_the_fighter ... ok
test arena::combat::resolve::phase4_tests::stale_pointer_sample_is_ignored ... ok
test arena::combat::resolve::piercing_tests::zero_block_piercing_is_bit_identical ... ok
test arena::combat::resolve::piercing_tests::zero_piercing_changes_nothing ... ok
test arena::combat::resolve::potion_tests::a_health_potion_names_its_captured_vfx_pair ... ok
test arena::combat::resolve::potion_tests::a_magicka_potion_names_the_magicka_pair ... ok
test arena::combat::resolve::potion_tests::a_resist_potion_has_no_restoration ... ok
test arena::combat::resolve::phase4_tests::client_claimed_charge_cannot_buy_a_crit ... ok
test arena::combat::resolve::potion_tests::all_thirty_restorations_are_present ... ok
test arena::combat::resolve::potion_tests::an_unknown_item_has_no_restoration ... ok
test arena::combat::resolve::potion_tests::a_stamina_potion_has_no_invented_vfx ... ok
test arena::combat::resolve::potion_tests::every_restoration_is_a_real_amount ... ok
test arena::combat::resolve::potion_tests::drinking_a_health_potion_emits_the_vfx_frame ... ok
test arena::combat::resolve::potion_tests::the_reporters_potion_restores_its_shipped_amount ... ok
test arena::combat::resolve::potion_tests::the_table_is_uuid_sorted ... ok
test arena::combat::resolve::potion_tests::the_play_vfx_frame_matches_the_captured_shape ... ok
test arena::combat::resolve::report_31_high_block_stun::a_bot_cannot_act_before_the_round_start_delay ... ok
test arena::combat::resolve::phase4_tests::combo_follows_the_players_real_sides ... ok
test arena::combat::resolve::report_31_high_block_stun::a_bot_raises_a_high_guard_between_swings ... ok
test arena::combat::resolve::report_31_high_block_stun::a_bot_without_abilities_still_swings ... ok
test arena::combat::resolve::report_31_high_block_stun::a_committed_swing_lands_after_its_attacker_is_paralyzed ... ok
test arena::combat::resolve::report_31_high_block_stun::a_bash_guard_stuns_an_incoming_weapon_swing ... ok
test arena::combat::resolve::report_31_high_block_stun::a_non_bash_ability_raises_no_guard ... ok
test arena::combat::resolve::report_31_high_block_stun::a_death_frame_carries_a_state_history_ending_in_dead ... ok
test arena::combat::resolve::report_31_high_block_stun::a_human_who_swings_into_the_bot_guard_is_stunned ... ok
test arena::combat::resolve::report_31_high_block_stun::a_stunned_bot_stops_swinging ... ok
test arena::combat::resolve::report_31_high_block_stun::a_paralyzed_bot_cannot_queue_actions_and_recovers_on_tick ... ok
test arena::combat::resolve::phase4_tests::pointer_stream_updates_geometry_and_never_swings ... ok
test arena::combat::resolve::report_31_high_block_stun::a_bot_casts_an_ability_and_does_not_only_swing ... ok
test arena::combat::resolve::report_31_high_block_stun::a_buff_that_ships_no_damage_number_emits_no_damage_frame ... ok
test arena::combat::resolve::report_31_high_block_stun::a_weapon_attack_blocked_high_stuns_the_attacker ... ok
test arena::combat::resolve::report_31_high_block_stun::a_real_swing_provokes_the_defenders_revenge ... ok
test arena::combat::resolve::report_31_high_block_stun::a_weapon_attack_blocked_low_does_not_stun_the_attacker ... ok
test arena::combat::resolve::report_31_high_block_stun::an_unblocked_weapon_attack_does_not_stun_the_attacker ... ok
test arena::combat::resolve::report_31_high_block_stun::continuous_spells_and_status_ticks_do_not_provoke_revenge ... ok
test arena::combat::resolve::report_31_high_block_stun::being_hit_retaliates_with_the_gears_element ... ok
test arena::combat::resolve::report_31_high_block_stun::an_ability_that_ships_damage_still_emits_its_damage_frame ... ok
test arena::combat::resolve::report_31_high_block_stun::every_shield_bash_raises_its_own_guard_window ... ok
test arena::combat::resolve::report_31_high_block_stun::an_unknown_cast_is_classified_from_gamedata_not_assumed_to_be_a_spell ... ok
test arena::combat::resolve::report_31_high_block_stun::harrying_bash_extends_both_spell_and_maneuver_cooldowns ... ok
test arena::combat::resolve::report_31_high_block_stun::guardbreaker_stuns_only_a_target_that_blocks ... ok
test arena::combat::resolve::report_31_high_block_stun::frozen_slows_weapon_timing_without_locking_input_or_inventing_stagger ... ok
test arena::combat::resolve::report_31_high_block_stun::harrying_bash_ships_no_stagger_fields_at_any_rank ... ok
test arena::combat::resolve::report_31_high_block_stun::no_revenge_gear_means_no_retaliation ... ok
test arena::combat::resolve::report_31_high_block_stun::icespike_is_unconditional_on_blocking ... ok
test arena::combat::resolve::report_31_high_block_stun::revenge_does_not_cross_elements ... ok
test arena::combat::resolve::report_31_high_block_stun::round_reset_drops_channels_hits_and_spell_impacts ... ok
test arena::combat::resolve::report_31_high_block_stun::revenge_does_not_retaliate_against_revenge ... ok
test arena::combat::resolve::report_31_high_block_stun::ships_damage_reads_the_shipped_table ... ok
test arena::combat::resolve::report_31_high_block_stun::the_bot_lowers_its_guard_to_swing ... ok
test arena::combat::resolve::report_31_high_block_stun::staggering_bash_stuns_only_a_target_that_does_not_block ... ok
test arena::combat::resolve::report_31_high_block_stun::the_bot_never_selects_a_perk ... ok
test arena::combat::resolve::report_31_high_block_stun::the_bot_picks_the_least_cast_ability ... ok
test arena::combat::resolve::report_31_high_block_stun::the_high_block_stun_sends_actor_state_before_status ... ok
test arena::combat::resolve::report_31_high_block_stun::the_two_maneuvers_are_indistinguishable_in_the_shipped_data ... ok
test arena::combat::resolve::report_31_high_block_stun::the_high_block_stun_lasts_the_shipped_pvp_stagger_duration ... ok
test arena::combat::resolve::shipped_effects_tests::a_cast_that_dealt_no_damage_cannot_stagger ... ok
test arena::combat::resolve::shipped_effects_tests::a_block_buff_gives_a_timed_flat_reduction ... ok
test arena::combat::resolve::shipped_effects_tests::a_dead_target_is_not_staggered ... ok
test arena::combat::resolve::shipped_effects_tests::a_dodge_ability_gives_the_caster_a_dodge_pool ... ok
test arena::combat::resolve::shipped_effects_tests::a_dodge_pool_expires_after_its_authored_second ... ok
test arena::combat::resolve::shipped_effects_tests::a_fully_negated_paralyze_does_not_paralyze ... ok
test arena::combat::resolve::shipped_effects_tests::a_paralysis_does_not_inherit_a_previous_freezes_duration ... ok
test arena::combat::resolve::shipped_effects_tests::a_maneuver_that_ships_a_stagger_threshold_staggers_the_target ... ok
test arena::combat::resolve::shipped_effects_tests::a_plain_damage_spell_gains_nothing ... ok
test arena::combat::resolve::shipped_effects_tests::a_paralysis_lasts_its_own_ranks_duration_not_rank_ones ... ok
test arena::combat::resolve::shipped_effects_tests::a_rank12_paralysis_still_holds_at_three_seconds ... ok
test arena::combat::resolve::shipped_effects_tests::an_armor_spell_gives_a_shield_pool_but_no_guessed_status ... ok
test arena::combat::resolve::shipped_effects_tests::an_armor_spell_emits_the_storm_armor_status ... ok
test arena::combat::resolve::shipped_effects_tests::a_real_blind_cast_emits_the_victim_effect_to_both_players ... ok
test arena::combat::resolve::shipped_effects_tests::all_elemental_condition_visuals_target_the_victim_and_reach_both_viewers ... ok
test arena::combat::resolve::shipped_effects_tests::background_poison_does_not_arm_a_weak_paralyze ... ok
test arena::combat::resolve::shipped_effects_tests::casting_reckless_fury_emits_no_damage_to_the_target ... ok
test arena::combat::resolve::shipped_effects_tests::blind_fires_only_when_the_hit_clears_its_threshold ... ok
test arena::combat::resolve::shipped_effects_tests::delayed_lightning_bolt_waits_for_its_authored_delay ... ok
test arena::combat::resolve::shipped_effects_tests::flashfreeze_locks_the_target_for_its_shipped_duration ... ok
test arena::combat::resolve::shipped_effects_tests::an_equipped_rank12_paralyze_cast_uses_rank12_damage_and_duration ... ok
test arena::combat::resolve::shipped_effects_tests::frostbite_grants_its_authored_physical_resistance_to_the_caster ... ok
test arena::combat::resolve::shipped_effects_tests::grip_multipliers_follow_the_authored_family ... ok
test arena::combat::resolve::shipped_effects_tests::icespike_still_staggers_and_still_respects_its_threshold ... ok
test arena::combat::resolve::shipped_effects_tests::burning_splits_two_percent_of_base_health_across_five_ticks ... ok
test arena::combat::resolve::shipped_effects_tests::indomitable_smash_cures_blind_once ... ok
test arena::combat::resolve::shipped_effects_tests::indomitable_smash_grants_its_authored_resistance ... ok
test arena::combat::resolve::shipped_effects_tests::maneuvers_carry_their_own_authored_bonus_damage ... ok
test arena::combat::resolve::shipped_effects_tests::only_channelled_abilities_announce_a_channel ... ok
test arena::combat::resolve::shipped_effects_tests::reckless_fury_cannot_be_stunned_for_its_window ... ok
test arena::combat::resolve::shipped_effects_tests::reckless_fury_contributes_no_swing_damage ... ok
test arena::combat::resolve::shipped_effects_tests::reckless_fury_prevents_death_for_its_window ... ok
test arena::combat::resolve::shipped_effects_tests::reckless_fury_uses_its_authored_duration_and_bonus ... ok
test arena::combat::resolve::shipped_effects_tests::resist_elements_cast_applies_every_element_at_its_shipped_rank ... ok
test arena::combat::resolve::tests::a_cast_refused_for_want_of_stamina_still_reports_the_real_pools ... ok
test arena::combat::resolve::tests::a_cast_refused_for_want_of_magicka_still_reports_the_real_pools ... ok
test arena::combat::resolve::tests::a_spell_resolves_no_maneuver_animation ... ok
test arena::combat::resolve::shipped_effects_tests::the_stagger_field_is_carried_mostly_by_maneuvers ... ok
test arena::combat::resolve::tests::a_typical_player_hold_can_crit ... ok
test arena::combat::resolve::tests::a_spell_still_emits_its_channeling_frame ... ok
test arena::combat::resolve::tests::a_plain_swing_is_still_attack_on_a_left_or_right_side ... ok
test arena::combat::resolve::tests::a_maneuver_hit_is_labelled_weapon_maneuver_not_attack ... ok
test arena::combat::resolve::tests::block_input_emits_zero_damage ... ok
test arena::combat::resolve::tests::a_queued_impact_is_drained_only_once ... ok
test arena::combat::resolve::tests::heavy_weapon_swings_slower_than_light ... ok
test arena::combat::resolve::tests::a_bash_animates_on_op58_not_op53 ... ok
test arena::combat::resolve::tests::an_ability_with_no_cast_time_still_lands_immediately ... ok
test arena::combat::resolve::tests::op46_down_broadcasts_charging_state_and_no_damage ... ok
test arena::combat::resolve::tests::ability_cast_is_cooldown_gated ... ok
test arena::combat::resolve::tests::funded_cast_deducts_stamina_and_emits_op65 ... ok
test arena::combat::resolve::tests::op46_full_charge_heavy_weapon_applies_crit_multiplier ... ok
test arena::combat::resolve::tests::ice_spike_impact_waits_for_its_cast_time ... ok
test arena::combat::resolve::tests::op46_full_charge_light_weapon_applies_crit_multiplier ... ok
test arena::combat::resolve::tests::op58_carries_the_captured_actor_animation ... ok
test arena::combat::resolve::tests::op46_short_hold_partial_charge_no_crit ... ok
test arena::combat::resolve::tests::parse_op46_held_detects_held_flag ... ok
test arena::combat::resolve::tests::regen_tick_does_not_regen_health ... ok
test arena::combat::resolve::tests::regen_tick_op65_carries_the_opponents_real_stats_not_a_placeholder ... ok
test arena::combat::resolve::tests::piercing_strikes_op58_carries_maneuver_state_history ... ok
test arena::combat::resolve::tests::regen_tick_raises_magicka_at_5pct_per_second ... ok
test arena::combat::resolve::tests::regen_tick_raises_stamina_at_5pct_per_second ... ok
test arena::combat::resolve::tests::report31_frost_drains_the_targets_stamina_pool ... ok
test arena::combat::resolve::tests::report31_frostbite_health_damage_reaches_the_wire ... ok
test arena::combat::resolve::tests::second_swing_before_cooldown_is_rejected ... ok
test arena::combat::resolve::tests::spamming_swings_resolves_only_cadence_allowed_count ... ok
test arena::combat::resolve::tests::the_five_bashes_classify_as_maneuvers ... ok
test arena::combat::resolve::tests::the_level_89_pool_is_still_the_placeholder_curve ... ok
test arena::combat::resolve::tests::staggering_bash_guards_first_then_strikes_and_staggers ... ok
test arena::combat::resolve::tests::the_regen_rates_are_the_measured_wire_values ... ok
test arena::combat::resolve::tests::the_shipped_cast_times_are_what_we_defer_by ... ok
test arena::combat::resolve::tests::report31_frostbite_is_a_continuous_spell_on_the_wire ... ok
test arena::combat::resolve::tests::underfunded_cast_is_rejected_no_damage_no_cooldown ... ok
test arena::combat::resolve::tests::report31_frost_resistance_is_charged_once_per_cast_not_once_per_tick ... ok
test abyss::tests::a_floor_whose_dungeon_is_unknown_serves_an_empty_body ... ok
test arena::combat::roundtrip_s506::capture_and_emission_classify_identically ... ok
test arena::combat::resolve::tests::report31_frostbite_total_is_dps_times_its_own_channel_length ... ok
test arena::combat::resolve::tests::edir_gear_pierces_resistance_on_a_frost_channel ... ok
test arena::combat::roundtrip_s506::block_zone_press_raises_the_shield_for_both_viewers ... ok
test arena::combat::roundtrip_s506::identity_burst_is_per_viewer_and_distinct ... ok
test arena::combat::roundtrip_s506::attack_press_cancels_a_standing_guard ... ok
test arena::combat::resolve::tests::report31_frostbite_lands_the_frozen_status ... ok
test arena::combat::roundtrip_s506::non_block_zone_press_never_raises_the_shield ... ok
test arena::combat::roundtrip_s506_damage::blank_armor_is_realisable_from_shipped_templates ... ok
test arena::combat::roundtrip_s506_damage::mirrored_drain_is_byte_identical_without_a_block ... ok
test arena::combat::roundtrip_s506_damage::mirrored_drain_mirrors_the_post_block_elemental ... ok
test abyss::tests::generated_data_matches_the_floors_own_dungeon ... ok
test arena::combat::roundtrip_s506::releasing_the_block_zone_lowers_the_shield_with_gmid_39_idle ... ok
test arena::combat::roundtrip_s506_damage::s506_deep_combo_unclamped_and_kill_arithmetic ... ok
test arena::combat::roundtrip_s506_damage::s506_fixture_is_derived_from_shipped_item_data ... ok
test arena::combat::roundtrip_s506_damage::s506_anchor_report ... ok
test arena::combat::roundtrip_s506_damage::s506_combo_ramp_reproduces_recorded_slashing ... ok
test arena::combat::roundtrip_s506_damage::s506_full_chain_through_engine_reproduces_ramp_and_resets_on_block ... ok
test arena::combat::roundtrip_s506::a_bot_opponents_swing_reaches_the_human_viewer ... ok
test arena::combat::resolve::tests::report31_frostbite_streams_evenly_over_its_channel ... ok
test arena::combat::roundtrip_s506_damage::s506_middle_maneuver_lands_in_recorded_band ... ok
test arena::combat::roundtrip_s506_damage::s506_optimal_block_negates_physical_halves_elemental ... ok
test arena::combat::roundtrip_s506_damage::s506_paralyse_threshold_is_the_shipped_absolute_value ... ok
test arena::combat::roundtrip_s506_damage::unarmored_target_takes_the_raw_tempered_base ... ok
test arena::combat::roundtrip_s506_damage::s506_poison_base_and_amplification_ramp ... ok
test arena::combat::state::absorb_fraction_tests::a_broken_ward_does_not_swallow_the_physical_half_of_a_mixed_hit ... ok
test arena::combat::state::absorb_fraction_tests::a_connecting_dodge_pays_its_authored_restoration_exactly_once ... ok
test arena::combat::state::absorb_fraction_tests::a_dodge_that_absorbs_nothing_pays_nothing ... ok
test arena::combat::roundtrip_s506::round_start_reproduces_s506_sequence_and_stagger ... ok
test arena::combat::state::absorb_fraction_tests::a_full_absorbing_pool_behaves_exactly_as_before ... ok
test arena::combat::state::absorb_fraction_tests::a_half_absorbing_pool_lets_half_the_hit_through ... ok
test arena::combat::state::absorb_fraction_tests::a_nearly_empty_half_pool_cannot_overdraw ... ok
test arena::combat::state::absorb_fraction_tests::a_ward_is_not_drained_by_physical_damage ... ok
test arena::combat::state::absorb_fraction_tests::a_ward_negates_the_overflow_of_the_hit_that_breaks_it ... ok
test arena::combat::state::absorb_fraction_tests::a_ward_still_stops_the_poison_after_taking_physical_hits ... ok
test arena::combat::state::absorb_fraction_tests::an_absorb_pool_still_eats_physical_and_still_leaks_overflow ... ok
test arena::combat::state::absorb_fraction_tests::an_already_spent_ward_does_not_negate_a_later_hit ... ok
test arena::combat::state::report109_real_pools::a_bot_fighter_still_uses_the_level_approximation ... ok
test arena::combat::state::report109_real_pools::a_bot_keeps_the_level_approximation ... ok
test arena::combat::state::report109_real_pools::a_character_backed_fighter_gets_its_own_spend ... ok
test arena::combat::state::report109_real_pools::live_characters_match_the_accumulation_model ... ok
test arena::combat::state::report109_real_pools::the_reporters_pools ... ok
test arena::combat::state::report109_real_pools::the_shipped_constants ... ok
test arena::combat::state::retail_health_curve::fighter_constructor_uses_the_capped_curve ... ok
test arena::combat::state::retail_health_curve::the_shipped_curve_caps_at_level_50 ... ok
test arena::combat::roundtrip_s506::an_opponents_swing_is_preceded_by_a_visible_windup ... ok
test arena::combat::state::stun_duration_tests::a_stun_drops_the_guard_and_breaks_the_combo ... ok
test arena::combat::state::stun_duration_tests::an_abilitys_own_stun_duration_sizes_the_stagger ... ok
test arena::combat::state::stun_duration_tests::the_default_stagger_is_unchanged ... ok
test arena::combat::roundtrip_s506::animation_frames_reach_both_viewers ... ok
test arena::combat::state::tests::a_lapsed_stagger_is_reported_once_and_only_once ... ok
test arena::combat::state::tests::a_refreshed_stagger_reports_nothing ... ok
test arena::combat::state::tests::arena_triples_health_and_wire_is_fraction ... ok
test arena::combat::state::tests::block_degrades_from_optimal_to_late_after_2s ... ok
test arena::combat::state::tests::block_reraise_within_recovery_window_is_late ... ok
test arena::combat::state::tests::combo_counter_ramps_on_alternating_resets_on_repeat ... ok
test arena::combat::state::tests::conditioning_window_accumulates_and_threshold_scales ... ok
test arena::combat::state::tests::dot_concurrent_instances_stack_independently ... ok
test arena::combat::state::tests::fighter_target_is_opponent ... ok
test arena::combat::state::tests::flow_wire_names ... ok
test arena::combat::state::tests::packed_stats_exact ... ok
test arena::combat::state::tests::packed_stats_layout_matches_retail_capture ... ok
test arena::combat::state::tests::resist_elements_flat_subtraction_after_block_via_transient ... ok
test arena::combat::state::tests::resistance_against_flat_with_piercing ... ok
test arena::combat::state::tests::take_damage_clamps_and_bumps_seq ... ok
test arena::combat::state::tests::untracked_statuses_are_never_reported_as_lapsed ... ok
test arena::combat::tables::tests::ability_costs_come_from_shipped_ranks ... ok
test arena::combat::tables::tests::armor_is_flat_capped_at_95_percent ... ok
test arena::combat::tables::tests::block_is_a_fraction_with_elemental_two_thirds_of_physical ... ok
test arena::combat::tables::tests::enchant_damage_follows_the_shipped_curve ... ok
test arena::combat::tables::tests::fallback_surface_still_available_for_bots ... ok
test arena::combat::tables::tests::light_combo_ramp_matches_s506 ... ok
test arena::combat::tables::tests::resistance_is_flat_and_derated_for_dot ... ok
test arena::combat::tables::tests::shipped_base_damage_equals_uesp_quality_zero_cell ... ok
test arena::combat::tables::tests::swing_cadence_is_per_item ... ok
test arena::debug_inject::tests::hex_decode_tolerant ... ok
test arena::debug_inject::tests::hex_roundtrips_lowercase ... ok
test arena::debug_inject::tests::matchstatechange_builder_is_op79 ... ok
test arena::debug_inject::tests::target_parsing ... ok
test arena::debug_inject::tests::unknown_builder_rejected ... ok
test arena::enet_host::tests::enet_header_flag_translation ... ok
test arena::enet_host::tests::retail_key_exchange_parser_accepts_only_the_plaintext_handshake ... ok
test arena::enet_host::tests::stale_disconnect_cannot_remove_requeued_peer_at_same_address ... ok
test arena::key_submit::tests::b64_lengths_for_key_and_nonce ... ok
test arena::key_submit::tests::b64_matches_known_vectors ... ok
test arena::key_submit::tests::config_flag_parsing ... ok
test arena::key_submit::tests::http_request_has_required_headers ... ok
test arena::key_submit::tests::parse_url_variants ... ok
test arena::key_submit::tests::status_code_parsing ... ok
test arena::leaderboards::tests::paging_matches_the_capture ... ok
test arena::key_submit::tests::submit_body_is_the_expected_json_shape ... ok
test arena::leaderboards::tests::serialized_shape_matches_the_retail_capture ... ok
test arena::combat::roundtrip_s506::live_fight_emits_the_retail_animation_gmids ... ok
test arena::match_registry::tests::empty_payload_returns_none ... ok
test arena::combat::roundtrip_s506::swing_beats_are_ordered_and_staggered ... ok
test arena::match_registry::tests::invalid_ciphertext_does_not_rebind_peer ... ok
test arena::match_registry::tests::a_filled_match_survives_one_player_leaving ... ok
test arena::match_registry::tests::live_human_count_counts_people_not_matches ... ok
test arena::match_registry::tests::non_op20_returns_none ... ok
test arena::match_registry::tests::departed_fighter_slot_is_not_redirected_to_the_survivor ... ok
test arena::match_registry::tests::psid_in_op20_resolves_correct_slot ... ok
test arena::match_registry::tests::psid_in_op20_slot0_works ... ok
test arena::match_registry::tests::a_match_that_never_filled_is_still_reclaimed ... ok
test arena::match_registry::tests::departed_filled_match_is_not_reused_for_a_new_connection ... ok
test arena::match_registry::tests::unknown_psid_returns_none ... ok
test arena::enet_host::tests::fresh_key_exchange_replaces_active_match_at_same_address ... ok
test arena::matchmaker::bot_pick_tests::a_bracketed_draw_reports_its_step ... ok
test arena::matchmaker::bot_pick_tests::a_close_pairing_goes_through_at_once ... ok
test arena::match_registry::tests::single_peer_match_binds_at_admit_and_is_never_held ... ok
test arena::matchmaker::bot_pick_tests::a_nameless_bot_becomes_fighter_ai_not_just_ai ... ok
test arena::match_registry::tests::encrypted_payload_rebinds_mobile_source_port ... ok
test arena::matchmaker::bot_pick_tests::a_perfectly_matched_self_is_still_refused ... ok
test arena::matchmaker::bot_pick_tests::a_profile_that_is_not_json_is_left_alone ... ok
test arena::matchmaker::bot_pick_tests::both_dimensions_are_enforced ... ok
test arena::matchmaker::bot_pick_tests::bot_loadout_is_marked_ai_in_both_name_fields ... ok
test arena::matchmaker::bot_pick_tests::managed_roster_takes_precedence_over_the_legacy_environment ... ok
test arena::matchmaker::bot_pick_tests::load_bot_loadout_marks_even_the_no_database_path ... ok
test arena::matchmaker::bot_pick_tests::marking_a_bot_twice_does_not_stack_the_suffix ... ok
test arena::match_registry::tests::active_address_detects_and_enters_a_fresh_reservation ... ok
test arena::matchmaker::bot_pick_tests::pick_bot_index_none_when_no_complete_distinct ... ok
test arena::match_registry::tests::admission_order_reversed_still_binds_correctly ... ok
test arena::matchmaker::bot_pick_tests::pick_bot_index_prefers_complete_and_distinct ... ok
test arena::matchmaker::bot_pick_tests::pick_bot_index_rotates_across_matches ... ok
test abyss::tests::the_old_stubs_spawn_groups_are_floor_one_only ... ok
test arena::matchmaker::bot_pick_tests::the_bot_bracket_never_refuses_to_start_a_match ... ok
test arena::matchmaker::bot_pick_tests::the_bot_ladder_takes_the_tightest_step_that_has_anyone ... ok
test arena::matchmaker::bot_pick_tests::a_level_43_player_draws_the_bot_near_his_level ... ok
test arena::matchmaker::bot_pick_tests::the_bracket_widens_then_gives_up ... ok
test arena::matchmaker::bot_pick_tests::the_full_pool_brackets_the_same_player_at_the_tightest_step ... ok
test arena::matchmaker::bot_pick_tests::the_gsid_rotation_still_varies_within_a_tier ... ok
test arena::matchmaker::bot_pick_tests::the_human_bracket_and_the_bot_ladder_are_the_same_table ... ok
test arena::matchmaker::bot_pick_tests::the_production_roster_cannot_bracket_a_level_43_player ... ok
test arena::matchmaker::bot_pick_tests::the_reported_mismatch_is_refused_at_first_and_allowed_later ... ok
test arena::matchmaker::bot_pick_tests::unknown_skill_never_blocks_a_match ... ok
test arena::matchmaker::bot_pick_tests::widen_only_when_the_roster_failed_the_bracket ... ok
test arena::matchmaker::bot_pick_tests::widening_does_not_relax_the_completeness_filter ... ok
test arena::matchmaker::human_priority_tests::a_busy_arena_makes_the_bot_wait ... ok
test arena::matchmaker::human_priority_tests::a_deadline_never_jumps_into_the_past_when_the_arena_empties ... ok
test arena::match_registry::tests::trusted_ticket_ips_override_reversed_live_enet_admission_order ... ok
test arena::matchmaker::human_priority_tests::a_lone_player_still_gets_a_bot_fast ... ok
test arena::enet_host::tests::encrypted_mobile_rebind_receives_live_state_replay_over_new_enet_peer ... ok
test arena::matchmaker::human_priority_tests::a_rising_tier_only_ever_extends ... ok
test arena::matchmaker::human_priority_tests::a_steady_tier_does_not_creep ... ok
test arena::matchmaker::human_priority_tests::an_unknown_character_id_falls_back_instead_of_stranding_the_player ... ok
test arena::matchmaker::human_priority_tests::last_call_accepts_an_unknown_skill ... ok
test arena::matchmaker::human_priority_tests::last_call_breaks_ties_by_waiting_longest ... ok
test arena::matchmaker::human_priority_tests::last_call_takes_the_closest_human ... ok
test arena::matchmaker::human_priority_tests::last_call_with_nobody_waiting_still_falls_back_to_a_bot ... ok
test arena::matchmaker::human_priority_tests::my_own_arrivals_do_not_count_as_company ... ok
test arena::matchmaker::human_priority_tests::no_characters_is_none_not_a_panic ... ok
test arena::matchmaker::human_priority_tests::others_recent_dedupes_and_expires ... ok
test arena::matchmaker::human_priority_tests::the_busy_wait_is_configurable_and_defaults_sanely ... ok
test arena::matchmaker::human_priority_tests::the_busy_wait_outlasts_a_whole_human_ai_match ... ok
test arena::matchmaker::human_priority_tests::the_fallback_breaks_trophy_ties_by_level ... ok
test arena::matchmaker::human_priority_tests::the_fallback_is_the_strongest_character_not_an_arbitrary_row ... ok
test arena::matchmaker::human_priority_tests::the_named_character_is_the_one_that_enters_the_arena ... ok
test arena::matchmaker::human_priority_tests::the_opening_bracket_outlives_the_solo_fallback ... ok
test arena::matchmaker::human_priority_tests::the_recent_tier_lets_the_bracket_fully_widen ... ok
test arena::matchmaker::human_priority_tests::the_recent_window_outlasts_a_human_ai_match ... ok
test arena::matchmaker::human_priority_tests::the_tiers_are_ordered_waiting_then_live_then_recent_then_solo ... ok
test arena::match_registry::tests::unbound_peers_hold_the_burst_then_fall_back_within_the_grace_window ... ok
test arena::matchmaker::human_priority_tests::two_humans_outside_the_bracket_still_meet_at_last_call ... ok
test arena::matchmaker::tests::an_empty_public_host_is_filtered_to_none ... ok
test arena::matchmaker::tests::bot_renderability_guard_requires_uuid_and_profile ... ok
test arena::matchmaker::tests::ghost_self_match_is_detected ... ok
test arena::matchmaker::tests::paired_profile_presence_guard ... ok
test arena::matchmaker::tests::paired_uuid_distinctness_guard ... ok
test arena::matchmaker::tests::empty_bot_gets_failed_instead_of_an_unrenderable_match ... ok
test arena::match_registry::tests::live_rebind_replays_current_match_state_and_records_client_ack ... ok
test arena::matchmaker::human_priority_tests::the_deadline_reflects_who_is_actually_playing ... ok
test arena::matchmaker::tests::psess_derived_from_gsid ... ok
test arena::matchmaker::tests::tunnel_and_public_clients_get_different_addresses ... ok
test arena::matchmaker::tests::without_a_public_host_nothing_changes_for_anyone ... ok
test arena::matchmaker::tests::pairs_two_tickets_refused_when_uuids_collapse ... ok
test arena::presence::tests::dow_zero_is_sunday_on_both_sides ... ok
test arena::presence::tests::the_windows_are_sane_and_published ... ok
test arena::matchmaker::tests::same_char_pair_gets_failed_not_hung ... ok
test arena::season_rewards::tests::captured_arena_table_and_isolated_arena_six_inference ... ok
test arena::season_rewards::tests::gift_keeps_additive_gem_rows_in_retail_order ... ok
test arena::matchmaker::tests::profile_character_json_matches_retail_schema ... ok
test arena::season_store::tests::arena_participation_award_uses_the_sticky_high_water ... ok
test arena::season_store::tests::a_guildless_player_gets_only_a_rank_award ... ok
test arena::season_store::tests::awards_cover_both_kinds_and_never_double_up_per_kind ... ok
test arena::season_store::tests::guild_ladder_sums_members_not_the_guild_row ... ok
test arena::season_store::tests::guild_ladder_is_deterministic_on_ties ... ok
test arena::season_store::tests::tiers_cover_the_top_hundred_and_stop_there ... ok
test arena::season_store::tests::nothing_is_granted_at_record_time ... ok
test arena::tests::potential_match_status ... ok
test arena::tests::failed_serializes_correctly ... ok
test arena::tests::searching_has_all_null_payload_keys ... ok
test arena::tests::succeeded_matches_captured_frame ... ok
test arena::tests::ticket_id_accessor ... ok
test arena::udp::tests::expiring_debug_hold_restores_idle_sweep ... ok
test arena::udp::tests::debug_hold_disables_idle_sweep ... ok
test arena::udp::tests::cap_enforced_and_released ... ok
test arena::udp::tests::allocate_admit_decode ... ok
test authentification::link_tests::a_cold_bnet_login_with_only_the_persisted_token_deserializes ... ok
test authentification::link_tests::a_conflict_lists_both_profiles_in_client_currency ... ok
test authentification::link_tests::a_device_is_only_reused_when_it_names_exactly_one_user ... ok
test authentification::link_tests::a_different_account_is_a_conflict ... ok
test authentification::link_tests::a_recognised_device_returns_before_new_user_creation ... ok
test authentification::link_tests::anything_unknown_reports_a_conflict_rather_than_assuming ... ok
test authentification::link_tests::case_does_not_change_the_answer ... ok
test arena::udp::tests::loopback_admit_and_decode ... ok
test authentification::link_tests::compares_against_the_secret_id_the_client_was_given ... ok
test authentification::link_tests::conflict_login_token_is_the_same_durable_bearer_as_the_session ... ok
test authentification::link_tests::forced_link_device_binding_keeps_its_ownership_guard ... ok
test authentification::link_tests::login_token_is_the_stable_account_secret_not_the_session_token ... ok
test authentification::link_tests::forced_link_rebinds_only_devices_owned_by_the_source ... ok
test challenge::tests::completion_categories_are_client_known_asset_ids ... ok
test character::creation_route_tests::character_creation_uses_the_retail_virtual_host_path ... ok
test character_data::tests::appearance_cost_parses_nested_and_bare ... ok
test character_data::tests::customization_payload_deserializes ... ok
test character_data::tests::dialog_and_new_flags_still_parse ... ok
test character_ops::tests::a_loadout_with_empty_slots_is_accepted ... ok
test character_ops::tests::a_malformed_uuid_is_still_rejected ... ok
test character_ops::tests::an_absent_field_is_still_an_empty_map ... ok
test character_ops::tests::empty_string_and_null_mean_the_same_thing ... ok
test character_ops::tests::level_up_offer_gets_a_current_start_time ... ok
test character_ops::tests::whitespace_only_is_also_empty ... ok
test cli_tests::it_still_refuses_to_start_with_no_connection_string_at_all ... ok
test cli_tests::the_connection_string_can_come_from_the_environment ... ok
test arena::season_rewards::tests::seasons_rotate_sword_shield_helm ... ok
test arena::season_rewards::tests::rank_brackets_match_captured_gold_silver_bronze ... ok
test craft::tests::a_completed_craft_never_serializes_empty_results ... ok
test arena::combat::gamedata::tests::source_hashes_match_the_committed_json ... FAILED
test craft::tests::a_forge_craft_with_instanced_results_is_still_relabelled_to_the_smithy ... ok
test craft::tests::a_real_retail_stackable_result_is_never_rewritten ... ok
test craft::tests::a_job_already_on_the_station_outranks_a_corrected_one ... ok
test craft::tests::a_well_formed_job_is_not_rewritten ... ok
test craft::tests::a_rebuilt_forge_item_keeps_the_same_id_across_reads ... ok
test craft::tests::a_recipe_absent_from_the_table_still_falls_back ... ok
test craft::tests::a_recipe_absent_from_the_table_still_keeps_the_bench_that_loads ... ok
test craft::tests::a_stored_temper_or_enchant_type_is_never_second_guessed ... ok
test craft::tests::craft_speed_up_without_a_table_is_free_not_broken ... ok
test craft::tests::craft_speed_up_debits_the_measured_gem_price ... ok
test craft::tests::an_enchant_whose_results_cannot_be_rebuilt_does_not_claim_the_enchanter ... ok
test craft::tests::derive_prefers_alchemy_type_when_present ... ok
test craft::tests::enchant_applies_outcome_and_keeps_tempering ... ok
test craft::tests::enchant_pick_is_deterministic_per_item ... ok
test craft::tests::enchant_without_an_arcane_tier_leaves_the_item_bare ... ok
test craft::tests::enchant_without_recipe_is_lenient_noop ... ok
test craft::tests::an_uncaptured_enchanting_recipe_reports_the_enchanter ... ok
test craft::tests::every_emitted_craft_record_carries_a_station_and_a_grantable_result ... ok
test craft::tests::craft_speed_up_without_enough_gems_fails_and_debits_nothing ... ok
test craft::tests::finish_preserves_stored_item_id ... ok
test craft::tests::item_mod_crafting_type_is_universal_never_recipe_id ... ok
test craft::tests::legacy_alchemy_job_is_repaired_on_read ... ok
test craft::tests::legacy_smith_job_is_repaired_on_read ... ok
test craft::tests::craft_speed_up_without_the_flag_or_on_an_elapsed_job_is_free ... ok
test craft::tests::both_report_34_recipes_resolve_from_the_apk_table ... ok
test craft::tests::plain_craft_remint_makes_ids_unique ... ok
test craft::tests::no_emitted_craft_record_pairs_a_type_with_results_retail_never_paired ... ok
test craft::tests::every_live_row_still_grants_something_on_finish ... ok
test craft::tests::reward_from_results_carries_grade_and_arcane_tier ... ok
test craft::tests::every_crafting_type_classifies_as_the_captures_show_it ... ok
test craft::tests::smith_craftable_mints_real_item_and_smithing_type_not_recipe_id ... ok
test craft::tests::smith_resolve_by_recipe_id_and_type_fallback ... ok
test craft::tests::temper_sets_level_and_keeps_enchants ... ok
test craft::tests::one_station_holds_one_job_even_when_six_rows_could_be_corrected ... ok
test craft::tests::reconcile_refuses_a_pairing_retail_never_emitted ... ok
test arena::enet_host::tests::two_consecutive_two_player_matches_reuse_client_addresses ... ok
test craft::tests::unknown_recipe_derives_a_valid_craft_type_not_recipe_id ... ok
test craft::tests::unknown_recipe_result_is_well_formed_nonempty ... ok
test arena::udp::tests::unknown_psess_rejected ... ok
test craft::town_hang_containment_tests::detached_building_id_is_stable_and_never_the_original ... ok
test craft::town_hang_containment_tests::detached_building_ids_stay_distinct ... ok
test craft::town_hang_containment_tests::town_building_ids_finds_buildings_across_segments ... ok
test craft::town_hang_containment_tests::town_building_ids_skips_keys_that_are_not_uuids ... ok
test craft::town_hang_containment_tests::town_building_ids_tolerates_every_shape_of_missing ... ok
test arena::udp::tests::raw_path_decodes_c2s_without_reply ... ok
test credentials::tests::a_corrupt_row_never_authenticates ... ok
test craft::tests::the_apk_table_covers_and_agrees_with_every_captured_recipe ... ok
test credentials::tests::pbkdf2_matches_published_vectors ... ok
test craft::tests::report_34_forge_row_is_named_smithing_with_the_item_retail_itself_sent ... ok
test craft::tests::the_live_forge_rows_are_rebuilt_as_items_and_named_smithing ... ok
test credentials::tests::usernames_are_case_insensitive_but_shape_checked ... ok
test craft::tests::the_owners_real_two_building_forge_pile_yields_one_bench_per_building ... ok
test craft::tests::the_whole_production_row_set_keeps_both_retail_invariants ... ok
test dungeon::dungeon_settings_resolution::a_dialogue_only_quest_still_resolves_to_its_nil_dungeon ... ok
test dungeon::dungeon_settings_resolution::a_town_job_enters_the_shared_reference_dungeon ... ok
test dungeon::dungeon_settings_resolution::an_ordinary_quest_still_resolves_by_its_own_id ... ok
test dungeon::dungeon_settings_resolution::an_unknown_quest_id_is_still_a_404 ... ok
test craft::tests::which_row_gets_the_bench_does_not_depend_on_list_order ... ok
test dungeon::dungeon_settings_resolution::the_job_dungeon_and_the_job_generated_data_agree ... ok
test dungeon_update::tests::a_collected_chest_moves_the_treasury_version ... ok
test dungeon_update::tests::a_gear_pickup_off_the_floor_reaches_the_backpack ... ok
test dungeon_update::tests::a_granted_pickup_bumps_the_backpack_version_exactly_once ... ok
test dungeon_update::tests::a_loot_action_without_contents_still_parses ... ok
test dungeon_update::tests::chest_collected_parses_with_its_contents ... ok
test dungeon_update::tests::collected_loot_is_credited_to_the_player ... ok
test dungeon_update::tests::combat_completed_accepts_decimal_string_durability ... ok
test dungeon_update::tests::combat_completed_only_damages_owned_equipped_gear ... ok
test dungeon_update::tests::corpse_loot_prefers_stored_and_falls_back_to_the_request ... ok
test dungeon_update::tests::each_generated_chest_is_only_ever_collected_once ... ok
test dungeon_update::tests::every_wallet_take_is_written_back_before_the_db_update ... ok
test dungeon_update::tests::floor_and_corpse_loot_parse_with_their_contents ... ok
test dungeon_update::tests::floor_loot_falls_back_for_legacy_generated_data ... ok
test dungeon_update::tests::floor_loot_uses_the_generated_quantity ... ok
test dungeon_update::tests::mixed_batch_with_combat_completed_deserializes ... ok
test dungeon_update::tests::the_floor_pickup_branch_does_not_hand_copy_the_grant ... ok
test dungeon_update::tests::wallet_is_sent_only_when_currency_moved ... ok
test dungeon::dungeon_settings_resolution::event_quest_generated_data_uses_its_referenced_dungeon ... ok
test event_quests::tier_progression::camel_case_reward_fields_bind ... ok
test event_quests::tier_progression::an_exhausted_event_pays_nothing_however_many_times_it_is_run ... ok
test event_quests::tier_progression::earlier_tiers_pay_exactly_their_own_entry ... ok
test event_quests::tier_progression::every_template_has_tiers_to_pay ... ok
test event_quests::tier_progression::every_field_the_corpus_specifies_survives_parsing ... ok
test global_shop::authoritative_price_tests::a_client_cannot_name_its_own_discount ... ok
test global_shop::authoritative_price_tests::a_live_server_served_promotion_overrides_the_base_price ... ok
test global_shop::authoritative_price_tests::an_inactive_override_does_not_become_a_permanent_discount ... ok
test global_shop::authoritative_price_tests::an_unknown_product_has_no_client_chosen_price ... ok
test global_shop::authoritative_price_tests::the_capture_proven_free_offer_is_still_free ... ok
test global_shop::offer_contents_fallback::a_literal_offer_becomes_a_grantable_reward ... ok
test global_shop::offer_contents_fallback::a_repeated_template_sums ... ok
test global_shop::offer_contents_fallback::an_empty_or_absent_offer_is_not_a_purchase ... ok
test global_shop::offer_contents_fallback::an_unhandled_bucket_sinks_the_whole_offer ... ok
test global_shop::offer_contents_fallback::every_other_kind_is_refused ... ok
test global_shop::offer_contents_fallback::town_xp_rides_through ... ok
test event_quests::tier_progression::the_last_tier_adds_the_final_reward_on_top ... ok
test global_shop::replay_tests::a_current_schedule_is_left_alone ... ok
test global_shop::replay_tests::an_authored_window_is_never_shifted ... ok
test dungeon::dungeon_settings_resolution::an_event_quest_instance_resolves_to_its_templates_dungeon ... ok
test global_shop::replay_tests::an_authored_window_overrides_the_replayed_one ... ok
test global_shop::replay_tests::an_empty_authored_file_is_a_no_op ... ok
test global_shop::replay_tests::authoring_a_future_window_does_not_empty_the_shop ... ok
test global_shop::replay_tests::per_occurrence_purchase_allowances_are_renewed ... ok
test global_shop::replay_tests::rotation_times_of_day_are_preserved ... ok
test dungeon::dungeon_settings_resolution::every_event_quest_generates_the_referenced_dungeons_groups ... ok
test global_shop::replay_tests::the_shop_is_not_empty_after_the_captured_schedule_expires ... ok
test global_shop::replay_tests::the_sigil_shop_is_live_at_the_reported_time ... ok
test global_shop::report93_bad_product_id::a_clean_file_reports_nothing_skipped ... ok
test global_shop::report93_bad_product_id::one_bad_key_costs_only_that_key ... ok
test global_shop::report93_bad_product_id::the_shipped_file_loads_despite_its_one_bad_id ... ok
test guild::create_wire::current_players_member_uses_the_session_user_id ... ok
test guild::create_wire::the_guild_object_has_every_field_retail_sent ... ok
test guild::create_wire::wallet_is_on_create_and_nowhere_else ... ok
test guild::exchange_amount_tests::an_unknown_item_falls_back_to_the_modal_pair ... ok
test guild::exchange_amount_tests::exchange_amounts_are_item_specific ... ok
test guild::exchange_amount_tests::the_mined_table_is_self_consistent ... ok
test guild::tests::guild_id_is_24_hex ... ok
test guild::tests::post_message_response_contains_one_created_message ... ok
test guild_admin::tests::a_guild_read_as_leaderless_would_create_a_second_grandmaster ... ok
test guild_admin::tests::a_handover_demotes_the_sitting_grandmaster_to_master ... ok
test guild_admin::tests::a_leaderless_guild_gets_a_grandmaster_and_demotes_nobody ... ok
test guild_admin::tests::a_missing_character_id_is_rejected_not_defaulted ... ok
test guild_admin::tests::a_non_member_is_refused ... ok
test guild_admin::tests::a_second_grandmaster_never_demotes_the_incoming_one ... ok
test guild_admin::tests::an_empty_guild_is_refused_distinctly ... ok
test guild_admin::tests::promoting_the_sitting_grandmaster_is_a_reported_no_op ... ok
test guild_admin::tests::the_pre_retail_rank_is_not_silently_a_member ... ok
test guild_admin::tests::the_request_defaults_to_a_dry_run ... ok
test guild_policy::tests::a_ban_never_lapses ... ok
test guild_policy::tests::a_character_below_the_minimum_level_cannot_join_or_apply ... ok
test guild_policy::tests::a_closed_guild_admits_nobody_by_either_path ... ok
test guild_policy::tests::a_full_apply_only_guild_still_accepts_applications ... ok
test guild_policy::tests::a_full_open_guild_refuses_new_members ... ok
test guild_policy::tests::a_guild_cannot_be_named_nothing ... ok
test guild_policy::tests::a_missing_guild_is_invalid_not_a_crash ... ok
test guild_policy::tests::a_plain_member_can_do_nothing_to_anybody ... ok
test guild_policy::tests::a_recent_kick_blocks_rejoining_until_the_cooldown_lapses ... ok
test guild_policy::tests::a_removal_blocks_applying_as_well_as_joining ... ok
test guild_policy::tests::an_application_backlog_at_the_cap_refuses_more ... ok
test guild_policy::tests::an_apply_only_guild_produces_a_request_not_a_membership ... ok
test guild_policy::tests::an_empty_guild_has_no_successor ... ok
test guild_policy::tests::an_open_guild_is_permissionless ... ok
test guild_policy::tests::approval_stops_at_the_member_cap ... ok
test guild_policy::tests::chat_messages_respect_the_assets_length_bounds ... ok
test guild_policy::tests::constants_match_the_extracted_asset ... ok
test guild_policy::tests::equal_ranks_cannot_remove_each_other ... ok
test guild_policy::tests::exactly_one_rank_holds_power ... ok
test guild_policy::tests::guild_text_respects_the_assets_length_bounds ... ok
test guild_policy::tests::guild_type_wire_strings_round_trip ... ok
test guild_policy::tests::master_and_elder_are_cosmetic_and_hold_no_authority ... ok
test guild_policy::tests::message_length_counts_characters_not_bytes ... ok
test guild_policy::tests::nobody_can_kick_or_ban_a_grandmaster ... ok
test guild_policy::tests::only_the_grandmaster_can_approve_an_application ... ok
test guild_policy::tests::outranking_is_strict_and_antisymmetric ... ok
test guild_policy::tests::permission_is_checked_before_capacity ... ok
test guild_policy::tests::permission_matrix_matches_the_extracted_asset ... ok
test guild_policy::tests::permission_matrix_matches_the_shipped_asset ... ok
test guild_policy::tests::rank_wire_strings_match_capture ... ok
test guild_policy::tests::rank_wire_strings_round_trip ... ok
test guild_policy::tests::refusal_codes_match_retail_can_join_guild_result_ordinals ... ok
test guild_policy::tests::refusals_are_reported_in_retails_precedence_order ... ok
test guild_policy::tests::removal_always_requires_strictly_outranking_the_target ... ok
test guild_policy::tests::succession_falls_through_to_the_longest_serving_member ... ok
test guild_policy::tests::succession_prefers_rank_then_seniority ... ok
test guild_policy::tests::the_grandmaster_may_remove_every_other_rank ... ok
test guild_policy::tests::the_rejoin_cooldown_is_the_assets_seven_days ... ok
test guild_policy::tests::unknown_rank_does_not_default_to_member ... ok
test guild_policy::tests::you_cannot_hold_two_applications ... ok
test guild_policy::tests::you_cannot_join_a_second_guild ... ok
test inventory::tests::both_filters_do_not_panic ... ok
test inventory::tests::consumable_only_keeps_stackables_no_panic ... ok
test inventory::tests::equipped_only_keeps_loadout_no_panic ... ok
test inventory::tests::no_filter_returns_everything ... ok
test quest::accept_error_mapping_tests::an_unknown_quest_is_a_404_not_a_generic_500 ... ok
test quest::assert_reachability::option_unit_can_never_be_some ... ok
test quest::deleted_quest_ids_tests::a_non_empty_deletion_list_is_sent ... ok
test quest::deleted_quest_ids_tests::an_empty_deletion_list_is_omitted_entirely ... ok
test global_shop::replay_tests::the_whole_catalogue_moves_by_one_constant_offset ... ok
test global_shop::replay_tests::authored_offers_are_purchasable ... ok
test quest::event_quest_tests::an_event_quest_instance_id_is_not_its_template_id ... ok
test quest::event_quest_tests::an_event_quest_pays_its_milestones_in_order ... ok
test quest::event_quest_tests::event_rows_are_routed_to_the_event_array_and_expire_with_their_window ... ok
test quest::event_quest_tests::instance_ids_are_stable_per_character_and_window ... ok
test quest::finished_quest_tests::a_completed_ordinary_quest_is_stale ... ok
test quest::finished_quest_tests::a_completed_row_never_reaches_the_wire ... ok
test quest::finished_quest_tests::an_unfinished_ordinary_quest_is_kept ... ok
test quest::finished_quest_tests::jobs_and_events_are_left_to_their_own_prunes ... ok
test quest::job_dynamic_elements::element_shapes_match_retail_per_job_type ... ok
test quest::job_dynamic_elements::every_localization_key_was_used_by_retail ... ok
test quest::event_quest_tests::an_ordinary_quest_pays_from_the_template_keyed_table ... ok
test quest::jobs_tests::deterministic_same_window_same_board ... ok
test quest::jobs_tests::different_character_different_board ... ok
test quest::jobs_tests::duel_boss_job_has_duel_fields ... ok
test quest::jobs_tests::every_job_has_type_job_and_populated_job_setup ... ok
test quest::jobs_tests::featured_pool_active_only_on_its_day ... ok
test quest::jobs_tests::jobs_generated_non_empty_from_sample ... ok
test quest::jobs_tests::null_pools_degrade_to_empty ... ok
test quest::job_dynamic_elements::integers_equal_the_setup_field_retail_used ... ok
test quest::jobs_tests::timers_are_relative_to_now_not_frozen ... ok
test quest::jobs_wire_diff::our_job_entries_carry_every_key_retail_sent ... ok
test quest::objectives_wire_tests::an_event_quest_answers_under_its_own_key_and_pays_nothing_here ... ok
test quest::objectives_wire_tests::an_in_progress_report_still_parses ... ok
test quest::objectives_wire_tests::an_ordinary_quest_still_answers_under_quest ... ok
test quest::objectives_wire_tests::the_client_report_that_400ed_every_time_now_parses ... ok
test quest::objectives_wire_tests::the_event_fields_round_trip_and_stay_off_an_ordinary_quest ... ok
test quest::jobs_tests::real_job_pools_file_generates_prod_shaped_board ... ok
test quest::event_quest_tests::every_minted_event_quest_has_objectives_and_dungeon_data ... ok
test quest::playability_sweep::every_event_template_ships_a_complete_milestone_ladder ... ok
test quest::playability_sweep::every_calendar_event_is_fully_backed ... ok
test quest::report152_stale_story_loot_tests::a_row_that_already_has_loot_is_not_rewritten ... ok
test quest::report152_stale_story_loot_tests::haunted_forest_refreshes_old_empty_item_rolls_without_replacing_enemy_data ... ok
test quest::report62_quest_map_tests::a_quest_with_data_is_still_served ... ok
test quest::report62_quest_map_tests::every_advertised_quest_has_generated_data ... ok
test quest::report62_quest_map_tests::job_rows_are_still_excluded ... ok
test quest::report62_quest_map_tests::the_production_shape_resolves_to_a_consistent_pair_of_arrays ... ok
test quest::report85_job_generated_data_tests::a_duel_uses_retails_duel_generated_data_shape ... ok
test quest::report85_job_generated_data_tests::a_job_entry_serializes_to_retails_key_set ... ok
test quest::report85_job_generated_data_tests::a_jobs_generated_data_is_not_empty ... ok
test quest::report85_job_generated_data_tests::a_stored_job_row_carries_its_generated_data ... ok
test quest::playability_sweep::reward_coverage_is_what_the_captures_support ... ok
test quest::report85_job_generated_data_tests::every_job_on_the_board_has_generated_data ... ok
test quest::report85_job_generated_data_tests::job_entries_carry_the_captured_version_and_story_quests_are_unchanged ... ok
test quest::report85_job_generated_data_tests::job_spawn_ids_come_from_the_reference_dungeon_and_story_quests_do_not ... ok
test quest::report85_job_generated_data_tests::story_quests_still_have_generated_data ... ok
test quest::report92_job_completion_reward_tests::a_job_pays_exactly_what_its_jobsetup_declared ... ok
test quest::report85_job_generated_data_tests::the_serialized_response_resolves_every_job_and_every_quest ... ok
test quest::report92_job_completion_reward_tests::a_job_that_declares_no_gold_omits_currencies ... ok
test quest::report92_job_completion_reward_tests::a_job_row_from_before_this_field_still_pays_xp ... ok
test quest::report92_job_completion_reward_tests::job_reward_is_absent_from_a_non_job_quests_wire ... ok
test quest::report92_job_completion_reward_tests::every_job_on_the_board_pays_on_completion ... ok
test arena::matchmaker::tests::deployment_drain_fails_and_clears_waiting_tickets_before_ack ... ok
test quest::report92_reward_curve::gold_is_always_a_multiple_of_ten ... ok
test quest::report92_reward_curve::gold_per_difficulty_matches_the_retail_fit ... ok
test quest::report92_reward_curve::some_jobs_pay_no_gold_at_all ... ok
test quest::report99_quest_reward_tests::mq04_acceptance_grants_the_observed_resources ... ok
test quest::report99_quest_reward_tests::other_acceptances_do_not_invent_rewards ... ok
test arena::matchmaker::tests::cancel_does_not_drop_a_different_users_ticket ... ok
test arena::matchmaker::tests::cancel_dequeues_waiting_ticket ... ok
test route_registration::tests::levelup_is_registered ... ok
test session::matchmaking_slot_tests::a_clone_of_the_owner_still_counts_as_the_owner ... ok
test session::matchmaking_slot_tests::clearing_an_empty_slot_is_a_no_op ... ok
test session::matchmaking_slot_tests::many_stale_teardowns_cannot_starve_the_newest_socket ... ok
test session::matchmaking_slot_tests::reconnect_then_old_socket_teardown_keeps_the_live_feed ... ok
test session::matchmaking_slot_tests::the_owning_socket_does_clear_its_own_slot ... ok
test shop::tests::missing_level_defaults_to_zero ... ok
test shop::tests::resolves_building_type_and_level_from_town ... ok
test shop::tests::stale_shop_windows_are_pruned_but_live_buybacks_are_kept ... ok
test shop::tests::the_catalog_window_is_ten_hours ... ok
test shop::tests::the_open_wire_always_carries_the_merchants_gold ... ok
test shop::tests::unknown_shop_id_resolves_to_none ... ok
test quest::report99_quest_reward_tests::lumber_run_objective_mints_the_apk_iron_war_axe ... ok
test shop_gen::tests::committed_config_loads_all_four_shops ... ok
test shop_gen::tests::deterministic_within_a_window ... ok
test shop_gen::tests::empty_config_yields_empty_stock_no_panic ... ok
test route_registration::tests::every_routed_handler_is_registered_in_main ... ok
test shop_gen::tests::enchanter_l1_excludes_high_tier_gated_enchants ... ok
test shop_gen::tests::respects_max_items_cap ... ok
test shop_gen::tests::every_shop_stocks_its_own_merchants_goods ... ok
test shop_gen::tests::stock_rerolls_across_windows ... ok
test shop_gen::tests::window_index_advances_with_time ... ok
test social::wire::avatar_icon_is_always_present ... ok
test social::wire::csv_parsing_survives_junk ... ok
test social::wire::data_carries_only_the_requested_keys ... ok
test social::wire::full_adds_the_progression_fields_and_short_does_not ... ok
test social::wire::presence_pairs_the_way_retail_paired_it ... ok
test social::wire::short_is_the_seven_keys_retail_sent ... ok
test social::wire::social_loadout_is_the_captured_projection ... ok
test social::wire::social_town_is_the_captured_short_projection ... ok
test social::wire::social_town_missing_data_matches_the_level_zero_default ... ok
test social::wire::the_response_is_wrapped_twice ... ok
test shop_gen::tests::forge_l9_stocks_more_and_higher_tier_than_l1 ... ok
test shop_gen::tests::unknown_level_yields_empty_stock ... ok
test town::prop_tests::a_placed_decoration_spent_to_zero_is_reported_as_a_removed_stackable ... ok
test quest::report99_quest_reward_tests::restoration_potions_remain_a_stackable_objective_reward ... ok
test town::prop_tests::a_refund_is_reported_with_item_template_id_and_count ... ok
test town::prop_tests::naming_a_decoration_template_removes_nothing_and_refunds_nothing ... ok
test town::prop_tests::placing_a_decoration_you_do_not_own_fails_and_debits_nothing ... ok
test town::prop_tests::place_then_remove_is_a_round_trip_not_a_profit ... ok
test town::prop_tests::placing_a_decoration_you_own_debits_exactly_one ... ok
test town::prop_tests::placing_more_copies_than_you_own_fails_and_debits_nothing ... ok
test town::prop_tests::remove_props_handles_district_without_props ... ok
test town::prop_tests::remove_props_handles_multiple_props ... ok
test town::prop_tests::remove_props_handles_empty_request ... ok
test town::prop_tests::remove_props_handles_wrong_district ... ok
test town::prop_tests::remove_props_handles_props_in_multiple_districts ... ok
test town::prop_tests::remove_props_reports_failed_removals ... ok
test town::prop_tests::remove_props_removes_specified_props ... ok
test town::prop_tests::removing_a_prop_the_town_does_not_hold_credits_nothing ... ok
test town::prop_tests::the_refund_is_read_off_the_stored_prop_not_the_request ... ok
test town::tests::a_level_with_no_style_chosen_charges_neither_surcharge ... ok
test town::tests::applying_a_style_sets_style_id_and_customized ... ok
test town::tests::applying_a_style_to_an_unknown_building_fails ... ok
test town::tests::charge_cost_debits_gold_and_materials_and_bumps_version ... ok
test town::tests::charge_cost_insufficient_gold_errors_without_mutating ... ok
test town::tests::charge_cost_insufficient_materials_errors_before_debiting_gold ... ok
test town::tests::complete_response_matches_the_captured_retail_shape ... ok
test town::tests::complete_transition_clears_timer_and_state ... ok
test town::tests::both_shipped_static_copies_carry_the_same_table ... ok
test town::tests::cost_lookup_reads_gold_time_materials_and_gate ... ok
test town::tests::cost_lookup_rejects_beyond_max_level ... ok
test town::tests::cost_lookup_unknown_building ... ok
test town::tests::cost_lookup_without_matching_style_charges_base_only ... ok
test town::tests::completing_without_speed_up_charges_nothing ... ok
test town::tests::find_and_remove_building_navigate_nested_town ... ok
test town::tests::insert_building_adds_level0_upgrading_building_to_segment ... ok
test town::tests::remaining_time_of_an_unknown_building_is_not_positive ... ok
test town::tests::every_building_can_price_every_level_it_advertises ... ok
test town::tests::speed_up_debits_the_measured_gem_price ... ok
test town::tests::speed_up_without_enough_gems_fails_and_debits_nothing ... ok
test town::tests::style_gold_and_prestige_add_to_the_level_rather_than_replacing_it ... ok
test quest::report92_reward_curve::xp_per_difficulty_matches_the_retail_fit ... ok
test town::tests::upgrade_transition_sets_state_level_and_construction_end ... ok
test town::tests::without_the_static_table_speed_up_is_free_not_broken ... ok
test town::tests::the_shipped_static_carries_the_measured_skip_time_table ... ok
test town::tests::speed_up_on_an_elapsed_timer_is_free ... ok
test arena::matchmaker::tests::stale_waiting_ticket_is_dropped_not_bot_matched ... ok
test static_loader::tests::committed_grants_keep_retail_grade_and_arcane_tier ... ok
test static_loader::tests::committed_static_data_loads_non_empty ... ok
test quest::playability_sweep::every_shipped_quest_generates_at_every_level ... ok
test credentials::tests::the_stored_format_carries_its_own_cost ... ok
test arena::matchmaker::tests::two_humans_queueing_together_get_each_other_not_two_bots ... ok
test arena::matchmaker::tests::a_recently_seen_player_makes_the_next_queuer_hold_the_door ... ok
test credentials::dummy_hash_tests::dummy_hash_reaches_pbkdf2 ... ok
test credentials::tests::a_password_verifies_against_its_own_hash ... ok
test credentials::tests::two_hashes_of_one_password_differ ... ok
test global_shop::replay_tests::every_replayed_hour_has_a_sigil_offer has been running for over 60 seconds
test global_shop::replay_tests::every_replayed_hour_has_a_sigil_offer ... ok

failures:

---- arena::combat::gamedata::tests::source_hashes_match_the_committed_json stdout ----

thread 'arena::combat::gamedata::tests::source_hashes_match_the_committed_json' (13773189) panicked at server/src/arena/combat/gamedata.rs:44300:13:
assertion `left == right` failed: 
/Users/berntsen/Projects/blades-capture/reference/game-defs/items.json changed but gamedata.rs was not regenerated.
Run: blades-capture/reference/game-defs/extract/gen_gamedata_rs.py

  left: "d7837333857db9e89dae318b0e54385767d3483e7f67b0dcb7fcf898559f1acb"
 right: "3ceae0018dff25af134ee69094f17da84374d2712d7f50b8a389faa2d78f9e56"
note: run with `RUST_BACKTRACE=1` environment variable to display a backtrace


failures:
    arena::combat::gamedata::tests::source_hashes_match_the_committed_json

test result: FAILED. 999 passed; 1 failed; 0 ignored; 0 measured; 0 filtered out; finished in 79.20s

error: test failed, to rerun pass `-p server --bin server`
